####
#
# OBJ File Generated by Meshlab
#
####
# Object bunny.obj
#
# Vertices: 2503
# Faces: 4968
#
####
v 0.0267796 -0.0465088 0.1940391
v -0.1298383 -0.0623122 0.2384029
v -0.0274870 -0.0051967 0.1829577
v -0.0162032 -0.0781205 0.1576228
v -0.0032114 0.0454391 0.2902611
v 0.0717359 -0.0669369 0.1762985
v 0.0456824 -0.0683058 0.1832872
v 0.0066619 0.0210000 0.2593871
v -0.0351865 -0.0010358 0.2781338
v -0.1350283 -0.0104195 0.1525452
v -0.0508671 0.0053599 0.2776315
v -0.0930168 0.0246776 0.2466123
v -0.1202079 0.0508627 0.2675607
v -0.1109078 -0.1063406 0.1641910
v 0.0595627 -0.0796059 0.1607275
v -0.0421146 -0.0058472 0.2736020
v 0.0433379 -0.0947353 0.0093247
v -0.0807611 -0.0956027 0.0152377
v -0.0568181 -0.0920075 0.0110782
v -0.0339230 -0.0064265 0.1857575
v -0.0668845 -0.0217889 0.2488749
v -0.0088339 0.0063847 0.2511588
v -0.0793459 -0.0193573 0.2489681
v -0.0720041 -0.0953396 0.0160397
v -0.0663207 -0.0919253 0.0196039
v -0.0258975 -0.1079866 0.0064797
v 0.0265122 -0.0980831 0.0187195
v 0.0434610 -0.0944468 0.0173653
v -0.0445764 0.0208493 0.2708404
v -0.0802020 -0.0894739 0.0242740
v -0.0488898 -0.0872591 0.0195978
v -0.0193440 -0.1054389 0.0234691
v -0.0101339 -0.1094876 0.0214458
v -0.0403925 -0.0056513 0.2713860
v -0.1008332 0.0244674 0.2568268
v 0.1331201 -0.0504640 0.0738704
v -0.0647733 -0.0853401 0.0262225
v -0.0555808 -0.0883709 0.0209960
v -0.0537729 -0.0835726 0.0277090
v -0.0113839 -0.1067706 0.0264272
v 0.0205652 -0.0980056 0.0234724
v 0.0343540 -0.0960399 0.0232716
v 0.1016478 -0.0521906 0.1604776
v -0.0193358 0.0131623 0.2954850
v -0.0014669 -0.1006593 0.0293285
v 0.0195975 -0.0979711 0.0262330
v 0.0455725 -0.1011472 0.0267783
v 0.0518014 -0.1017064 0.0303490
v -0.0373074 -0.0731108 0.1582954
v -0.1183664 -0.1014332 0.2098160
v 0.1032769 -0.0609086 0.0197068
v -0.0717111 -0.0804624 0.0303884
v -0.0611579 -0.0812536 0.0303133
v -0.0442675 -0.0837296 0.0261285
v -0.0193379 -0.1016452 0.0290328
v -0.0111316 -0.1032530 0.0295473
v 0.0068531 -0.0987677 0.0291848
v 0.0092130 -0.1019690 0.0323406
v 0.0323327 -0.1012738 0.0277861
v 0.0377314 -0.1075804 0.0336094
v -0.0118985 -0.0962110 0.0331677
v -0.0024042 -0.0968959 0.0332357
v 0.0179926 -0.1049773 0.0337386
v 0.0282312 -0.1093736 0.0358948
v -0.0941513 0.0371284 0.2562019
v 0.0984680 -0.0636335 0.0240679
v -0.1425291 -0.0041483 0.1833353
v -0.0494074 -0.0095532 0.2683702
v -0.0953140 0.0072361 0.2402578
v -0.0350064 -0.0795720 0.0344403
v -0.0122988 -0.0908529 0.0354413
v 0.0048906 -0.1044206 0.0422564
v 0.0363546 -0.1092980 0.0380054
v 0.0408570 -0.1098454 0.0397973
v 0.0497448 -0.1065471 0.0365483
v -0.1117318 -0.1063364 0.1935116
v 0.1095856 -0.0668040 0.0329864
v 0.1105945 -0.0664749 0.0295248
v 0.0766070 -0.0455053 0.1846798
v -0.1193626 0.0148752 0.2299483
v -0.1408808 -0.0026438 0.1727442
v -0.0538399 -0.0076850 0.2698548
v -0.0477044 -0.0555806 0.1787301
v -0.0597724 -0.0781747 0.0425414
v -0.0545435 -0.0809556 0.0355165
v -0.0426882 -0.0816043 0.0345992
v -0.0061515 -0.0952840 0.0366154
v -0.0002225 -0.0999186 0.0370871
v 0.0011016 -0.1036139 0.0419842
v 0.0127069 -0.1069172 0.0407719
v 0.0249818 -0.1108165 0.0423350
v 0.0492305 -0.1085005 0.0435013
v 0.1095102 0.0034064 0.1431742
v -0.1244076 -0.1092987 0.1904110
v -0.1259580 -0.1049806 0.2023779
v -0.0846594 -0.0719791 0.2341942
v -0.0977836 -0.0793220 0.2326364
v -0.0303033 -0.0418012 0.1837679
v -0.1051452 0.0153810 0.2546355
v -0.0568510 -0.0437551 0.1921092
v -0.0501582 -0.0825934 0.0457288
v -0.0276297 -0.0763886 0.0422253
v -0.0159752 -0.0846795 0.0386124
v -0.0095777 -0.0939341 0.0470738
v 0.0331147 -0.1122824 0.0424720
v -0.1282010 -0.1073107 0.1845743
v -0.0263924 0.0074716 0.2896228
v 0.1046308 -0.0658797 0.0342991
v 0.1202311 -0.0679842 0.0376911
v -0.0942771 -0.0719622 0.2386540
v -0.0553789 -0.0820906 0.0555554
v -0.0443598 -0.0833028 0.0493925
v -0.1245754 0.0797463 0.2742898
v 0.0243505 -0.1109814 0.0489193
v 0.0306029 -0.1122616 0.0452510
v 0.0439963 -0.1098471 0.0474360
v 0.0336618 -0.0724993 0.1797149
v 0.1007366 -0.0465968 0.1638743
v 0.1109726 -0.0653779 0.0463012
v -0.0351716 -0.0791206 0.0415920
v 0.0165383 -0.1136179 0.0537188
v 0.0327195 -0.1119668 0.0500868
v -0.1485574 -0.0832836 0.1635207
v 0.1151510 -0.0670295 0.0425150
v 0.1248738 -0.0669844 0.0482052
v 0.0743177 -0.0548127 0.1823749
v 0.0052606 -0.0056161 0.1887578
v 0.0096248 -0.1085048 0.0483864
v 0.0401029 -0.1139286 0.0530573
v 0.0088095 -0.0701766 0.1786945
v 0.0612276 -0.0680052 0.1798438
v -0.1204086 -0.0520696 0.2438256
v -0.0224027 -0.0779424 0.0555508
v 0.0318904 -0.1146496 0.0545870
v -0.0425004 -0.0693571 0.1639414
v 0.0011373 -0.0621540 0.1810588
v -0.0171471 -0.0000398 0.2502002
v -0.1020372 -0.0634675 0.2424871
v 0.0249835 -0.1143770 0.0562371
v 0.0272082 -0.0796992 0.1716504
v 0.0207415 -0.0744818 0.1774218
v 0.1182259 -0.0646968 0.0515983
v 0.1306200 -0.0636945 0.0569615
v 0.1344246 -0.0634901 0.0540252
v -0.0447712 -0.0857658 0.0595491
v -0.0352973 -0.0820880 0.0549610
v 0.0041079 -0.1104617 0.0645678
v 0.0389290 -0.1160504 0.0588000
v 0.0056168 -0.0755031 0.1726515
v 0.0729183 -0.0780905 0.1581244
v -0.0315943 0.0021906 0.2833745
v 0.0292972 -0.1026995 0.1322747
v -0.0784028 -0.0588623 0.0570613
v -0.0758145 -0.0663412 0.0603231
v -0.0690159 -0.0658699 0.0544433
v -0.0503586 -0.0866499 0.0726600
v -0.0269450 -0.0789644 0.0583493
v 0.0108243 -0.1128360 0.0628849
v 0.0475090 -0.1141983 0.0628003
v 0.1196302 -0.0050517 0.1287819
v 0.1148718 -0.0626825 0.0565497
v 0.1259671 -0.0634468 0.0572202
v 0.1087059 -0.0556070 0.1471058
v -0.1236814 0.0537756 0.2611448
v -0.0903925 0.0056513 0.2286297
v 0.0221000 -0.1153468 0.0643780
v 0.0341074 -0.1161385 0.0648823
v -0.0074851 -0.0690073 0.1729904
v 0.0422312 -0.0602938 0.1890512
v -0.0594992 -0.0822716 0.0687043
v -0.0012412 -0.1111791 0.0727190
v 0.0031156 -0.1130096 0.0752198
v 0.0130342 -0.1135792 0.0712527
v 0.0333742 -0.1161596 0.0719764
v -0.0390187 -0.0643480 0.1709388
v -0.1070516 -0.0426184 0.0601355
v 0.1196462 -0.0590784 0.0609916
v 0.1192622 -0.0587475 0.1045121
v 0.0675632 -0.0488630 0.1877001
v -0.0506430 -0.0051503 0.1899021
v 0.0662585 -0.0657508 0.1784379
v -0.1289283 -0.0547957 0.2410235
v -0.0309157 0.0472619 0.1097852
v 0.0060501 -0.1123913 0.0751759
v 0.0441859 -0.1143410 0.0694121
v 0.0489925 -0.1151243 0.0781512
v 0.0405661 -0.0768239 0.1734527
v 0.0469065 -0.0804327 0.1668712
v 0.1257731 -0.0566180 0.0663479
v 0.1382546 -0.0595638 0.0620541
v -0.0901953 0.0145451 0.1793413
v 0.0208131 0.0426838 0.1438894
v -0.0368367 -0.0857629 0.0705197
v -0.0317798 -0.0832488 0.0688594
v -0.0248909 -0.0817380 0.0725030
v 0.0235951 -0.1167850 0.0727100
v 0.0667479 -0.0730846 0.1712030
v -0.1451702 -0.0380437 0.1314481
v 0.1250384 -0.0500987 0.0723788
v 0.1426744 -0.0520354 0.0709934
v -0.0563789 -0.0868585 0.0765547
v 0.0251121 -0.0546585 0.1916980
v -0.1141602 -0.1097916 0.1752328
v -0.1144677 -0.0929900 0.2215379
v 0.1344000 -0.0567029 0.0679850
v -0.0745138 0.0019732 0.2468320
v 0.0858962 -0.0576160 0.1736945
v 0.0121270 -0.0249876 0.1932057
v -0.0565577 0.0407310 0.1079223
v -0.0430818 -0.0866929 0.0710875
v -0.0249112 -0.0853729 0.0837384
v -0.0610224 -0.0151481 0.2593207
v 0.0098679 -0.1155001 0.0797675
v 0.0208531 -0.1189460 0.0777687
v 0.0276129 -0.1193344 0.0777729
v -0.0179621 0.0537764 0.1209564
v 0.0002149 -0.0787063 0.1647711
v -0.1346468 -0.0524620 0.1500410
v -0.1149881 0.0280684 0.2605370
v -0.1549943 -0.0414493 0.1857549
v -0.0368142 -0.0462714 0.1835044
v -0.0653919 -0.0863471 0.0802727
v -0.0325283 -0.0855558 0.0867097
v 0.0189685 -0.1189434 0.0812392
v 0.0336437 -0.1183933 0.0803921
v 0.0419869 -0.1155975 0.0792303
v -0.1209121 -0.0892459 0.2247171
v 0.1157465 0.0165759 0.1108486
v 0.1084374 -0.0036795 0.1504164
v -0.0766228 -0.0868795 0.0827757
v -0.0518805 -0.0886082 0.0873907
v -0.1034624 -0.0449954 0.2460009
v 0.0137120 -0.1177771 0.0860862
v 0.0271042 -0.1204293 0.0848214
v 0.0604288 -0.1059355 0.1195475
v -0.1134089 0.0265034 0.1211667
v -0.1153436 -0.1043778 0.2035495
v -0.0181026 -0.0551594 0.1770590
v -0.0344459 0.0044543 0.2853415
v -0.1172117 0.0505859 0.2701814
v -0.0397168 -0.0870139 0.0835746
v -0.0019910 -0.1151745 0.0883724
v 0.0108427 -0.1183978 0.0931543
v 0.0333917 -0.1193815 0.0871639
v 0.0390763 -0.1164384 0.0916114
v 0.0447362 -0.1156544 0.0861943
v -0.0901917 0.0350372 0.2418849
v -0.1116939 -0.0969533 0.2153789
v 0.0651995 -0.0294738 0.1914283
v 0.0101932 -0.1061842 0.1281115
v -0.0842443 -0.0889228 0.0884910
v -0.0726426 -0.0896698 0.0892249
v -0.0678915 -0.0892753 0.0856968
v -0.0612036 -0.0882603 0.0845007
v -0.0565112 -0.0876826 0.0909926
v -0.0454353 -0.0888372 0.0896556
v 0.0031089 -0.1168692 0.0992815
v 0.0044844 -0.1159865 0.0865643
v 0.0217188 -0.1189397 0.0914765
v 0.1079531 -0.0406227 0.1546881
v 0.0383859 -0.0269102 0.1966543
v -0.1536884 -0.0403242 0.1691875
v -0.0942796 -0.0871670 0.0906437
v -0.0571529 -0.0895642 0.0981671
v -0.0394109 -0.0893246 0.0957045
v -0.0328887 -0.0867044 0.0979332
v -0.0280013 -0.0865961 0.0935368
v 0.0294843 -0.1181077 0.0953966
v 0.0499696 -0.1137490 0.0949123
v 0.0076933 -0.0808405 0.1652716
v -0.1225629 -0.1072740 0.1804388
v -0.0195619 0.0053927 0.2447539
v -0.1313432 0.0016472 0.1658826
v -0.0214770 -0.0983944 0.0933296
v 0.0361113 -0.1178929 0.1010911
v 0.0459017 -0.1159270 0.1002125
v -0.0912665 -0.0914062 0.1014705
v -0.0861343 -0.0895542 0.0944810
v -0.0768767 -0.0929695 0.0973989
v -0.0744008 -0.0922029 0.0945368
v -0.0664540 -0.0915284 0.0960227
v -0.0503922 -0.0879123 0.0955673
v -0.0451159 -0.0900047 0.1006628
v -0.1387229 -0.0394899 0.1501719
v -0.1398460 -0.0101074 0.1332345
v -0.0112274 -0.1141814 0.0999670
v -0.0003864 -0.1180478 0.0985116
v 0.0087880 -0.1175356 0.1038451
v 0.0187116 -0.0815677 0.1672683
v 0.0293096 -0.0878732 0.1562657
v -0.1178364 -0.1091747 0.1838547
v -0.1205133 -0.1079249 0.1972694
v -0.0886421 -0.0480341 0.2447932
v -0.0414771 -0.0336418 0.1882825
v 0.0294967 -0.0942518 0.1352694
v -0.0963843 -0.0912401 0.1025018
v -0.0821239 -0.0913721 0.1012887
v -0.0577622 -0.0913190 0.1033760
v -0.0364453 -0.0888255 0.0991763
v -0.0263640 -0.0904902 0.1042046
v -0.1441845 -0.0221406 0.1318182
v -0.0046706 -0.1174348 0.1003496
v -0.1333794 -0.0045158 0.1478946
v -0.1066256 -0.1084283 0.1692070
v -0.0374526 0.0067352 0.2853113
v -0.1080628 -0.1095498 0.1784885
v 0.1238676 -0.0154674 0.1206614
v -0.0736334 -0.0936649 0.1040937
v -0.0644017 -0.0937041 0.1058434
v -0.0398898 -0.0902258 0.1055674
v 0.0118548 -0.1163310 0.1110535
v 0.0259100 -0.1173960 0.1029756
v -0.0644401 -0.0661629 0.1688259
v -0.0522288 -0.0642901 0.1701198
v -0.0817690 -0.0289662 0.2446339
v -0.0172235 -0.0032577 0.1828507
v 0.0716245 -0.0385732 0.1881239
v -0.0853972 -0.0932186 0.1110909
v -0.0802621 -0.0923859 0.1096030
v 0.0407531 -0.0174172 0.1961796
v 0.0002333 -0.1164824 0.1079334
v 0.0166038 -0.1182104 0.1013809
v 0.0406156 -0.1170966 0.1060790
v -0.0231974 0.0126939 0.2948130
v -0.1195316 -0.1059787 0.1668807
v 0.0693389 -0.1004259 0.1151972
v -0.0470842 -0.0679204 0.1667910
v 0.0454211 -0.0366475 0.1962186
v -0.1379551 -0.0029061 0.1168027
v -0.0671445 -0.0933760 0.1110893
v -0.0552683 -0.0899552 0.1087091
v -0.0505128 -0.0880693 0.1068230
v -0.0325169 -0.0881207 0.1057710
v -0.0248838 -0.0914732 0.1143067
v 0.0198072 -0.1173372 0.1022658
v 0.0203579 -0.1167595 0.1142305
v 0.0311122 -0.1161042 0.1115864
v 0.0524152 -0.1114283 0.1140561
v 0.1139896 0.0010097 0.1380319
v -0.1388542 -0.0074204 0.1627368
v -0.1453910 -0.0314696 0.1246649
v -0.1006643 0.0094064 0.2475889
v -0.0722713 -0.0921377 0.1152270
v -0.0398898 -0.0896241 0.1111739
v 0.0063478 -0.1163488 0.1129759
v 0.0802743 -0.0527483 0.1804690
v -0.0405076 -0.0037095 0.1877019
v -0.1137934 -0.0317196 0.2456603
v -0.0975847 -0.0911842 0.1154848
v -0.0843948 -0.0936705 0.1174613
v -0.0328778 -0.0903941 0.1105472
v -0.0300700 -0.0913469 0.1148459
v -0.0064443 -0.1141787 0.1094642
v 0.0111723 -0.1152105 0.1181327
v 0.1118169 -0.0292847 0.1499814
v 0.0909514 -0.0520918 0.1725920
v -0.1042804 0.0009432 0.2464556
v -0.0916302 -0.0931815 0.1156538
v 0.0944891 -0.0446435 0.1711288
v 0.0031178 -0.1146345 0.1170434
v 0.0223557 -0.1147873 0.1198700
v 0.0431980 -0.1124303 0.1167097
v -0.1029648 -0.0877775 0.1181537
v -0.0776474 -0.0931099 0.1177748
v -0.0702021 -0.0908753 0.1243152
v -0.0640181 -0.0919134 0.1155678
v -0.0572231 -0.0895055 0.1154043
v -0.0554291 -0.0889450 0.1231208
v -0.0452606 -0.0893558 0.1125952
v -0.0376845 -0.0914770 0.1186348
v 0.0333551 -0.1137968 0.1198023
v 0.0526209 -0.1048212 0.1243677
v 0.0764833 -0.0990867 0.1161099
v 0.0156339 0.0423669 0.2719290
v -0.1124381 -0.0478387 0.2454421
v -0.0959208 0.0010742 0.2396318
v -0.1051370 -0.0872580 0.1238856
v -0.0866343 -0.0913676 0.1245058
v -0.0248834 -0.0926424 0.1219809
v -0.0195229 -0.0929508 0.1199790
v 0.0048119 -0.1109870 0.1225753
v 0.0158617 -0.1118920 0.1242005
v 0.0311623 -0.1106318 0.1258035
v 0.0416958 -0.1088735 0.1250347
v 0.0243961 -0.0699439 0.1819709
v -0.1232729 -0.0996587 0.2119603
v 0.0551492 -0.0316835 0.1949832
v -0.0796475 -0.0903358 0.1260443
v -0.0389977 -0.0901606 0.1247912
v -0.0151599 -0.0918691 0.1251329
v 0.0554310 -0.0627141 0.1860726
v 0.0218755 -0.1084873 0.1281004
v 0.0675469 -0.0978818 0.1276132
v -0.1008639 -0.0861878 0.1317479
v -0.0763884 -0.0889105 0.1326816
v -0.0636360 -0.0913661 0.1263054
v -0.0771380 -0.0353213 0.2422495
v -0.1548871 -0.0501370 0.1775486
v 0.0600860 -0.1005003 0.1268765
v 0.0748786 -0.0969420 0.1266049
v 0.0482859 -0.0749469 0.1753637
v 0.0066123 -0.0149382 0.1910488
v -0.0066213 -0.0501766 0.1834909
v -0.1052769 0.0314374 0.2629986
v -0.0944561 -0.0881307 0.1290773
v -0.0703927 -0.0884332 0.1328157
v -0.0543818 -0.0877669 0.1322509
v -0.0458765 -0.0841488 0.1377071
v -0.0382630 -0.0876716 0.1330199
v -0.0281352 -0.0923028 0.1272294
v -0.0230841 -0.0905226 0.1289653
v -0.0176452 -0.0914218 0.1308268
v -0.1368732 -0.0520754 0.1549471
v 0.0479872 -0.0998390 0.1311189
v 0.0529018 -0.0977462 0.1355757
v 0.0605742 -0.0979086 0.1349284
v 0.0490780 -0.0263660 0.1963500
v 0.0352181 -0.0833351 0.1660664
v -0.1117051 0.0334249 0.2647584
v 0.0223981 -0.0240321 0.1949335
v -0.0190074 -0.0377860 0.1837775
v -0.0615809 -0.0876983 0.1350236
v -0.0493217 -0.0865572 0.1304896
v -0.0335641 -0.0844760 0.1410781
v -0.0121405 -0.0900895 0.1390947
v -0.0111239 -0.0925319 0.1298152
v -0.0041410 -0.0919786 0.1313464
v -0.1092674 -0.0791215 0.0885470
v -0.1124023 -0.1090692 0.1699342
v -0.1033328 0.0136719 0.2033629
v -0.1157676 0.0150954 0.1491220
v -0.0963179 0.0221906 0.2504404
v -0.1242634 -0.0733038 0.2352611
v -0.1146271 -0.0796754 0.1322850
v -0.1073138 -0.0825881 0.1353755
v -0.0845175 -0.0884503 0.1342252
v -0.0647746 -0.0836028 0.1424402
v -0.0247024 -0.0882661 0.1373474
v 0.0104006 -0.0913833 0.1355563
v 0.0438901 -0.0938460 0.1366781
v -0.0693914 -0.0836944 0.1433347
v -0.0068364 -0.0904023 0.1376878
v 0.0421032 -0.0881271 0.1438749
v 0.0672656 -0.0935745 0.1401497
v -0.0177222 -0.0121075 0.1846534
v -0.1106839 -0.0780464 0.1441337
v -0.0963691 -0.0842956 0.1408310
v -0.0877050 -0.0848128 0.1427439
v -0.0770179 -0.0860334 0.1407079
v -0.0548865 -0.0856800 0.1420345
v 0.0025733 -0.0888388 0.1421226
v 0.0183354 -0.0904213 0.1394906
v 0.0179906 -0.0906509 0.1437324
v 0.0530326 -0.0902077 0.1438701
v 0.0942008 -0.0603700 0.1644729
v -0.0613938 -0.0833313 0.1461132
v -0.0443579 -0.0794953 0.1470608
v -0.0181386 -0.0874151 0.1419341
v -0.0025159 -0.0886057 0.1434784
v 0.0032399 -0.0877009 0.1495550
v 0.0258037 -0.0910944 0.1447235
v 0.0336536 -0.0905518 0.1423346
v 0.0575567 -0.0937926 0.1414726
v 0.0636099 -0.0866240 0.1479380
v 0.0865761 -0.0437962 0.1780057
v -0.0388513 -0.0802897 0.1460849
v -0.0086536 -0.0844306 0.1520458
v 0.0079604 -0.0899314 0.1425420
v 0.0441696 -0.0863500 0.1522733
v 0.0514807 -0.0854868 0.1476129
v -0.0700793 -0.0172843 0.2546408
v -0.0748027 -0.0726880 0.1624346
v 0.0600525 -0.0423792 0.1925614
v -0.1051648 -0.0780156 0.1507157
v -0.1017821 -0.0790369 0.1480829
v -0.0939648 -0.0781596 0.1541454
v -0.0678988 -0.0795952 0.1519736
v 0.0148128 -0.0899091 0.1482563
v 0.0359520 -0.0883256 0.1520506
v 0.0532041 -0.0828908 0.1534799
v 0.0738626 -0.0836477 0.1480556
v 0.0280254 0.0419181 0.1449506
v -0.0763938 -0.0818492 0.1488840
v -0.0583335 -0.0805082 0.1515029
v -0.0510491 -0.0819129 0.1481456
v -0.0307225 -0.0792054 0.1513301
v -0.0279404 -0.0687176 0.1653463
v 0.0103828 -0.0879507 0.1530741
v -0.0252566 0.0468637 0.1197332
v -0.1264871 0.0158396 0.1175603
v -0.0659949 -0.0732358 0.1602421
v -0.0538477 -0.0145427 0.2572274
v -0.0823635 -0.0789953 0.1522630
v -0.0493824 -0.0747469 0.1578953
v -0.0162597 -0.0711895 0.1652555
v -0.0081634 -0.0787460 0.1615905
v 0.0184961 -0.0870794 0.1570763
v 0.0411334 -0.0859894 0.1582109
v -0.0920592 0.0154747 0.2371896
v -0.0847919 -0.0754694 0.1598159
v -0.0685582 0.0405234 0.1211856
v -0.1142907 0.0273090 0.1021498
v -0.1106925 0.0125184 0.2031286
v -0.0052177 0.0389896 0.2742221
v -0.0774609 0.0009204 0.2315106
v 0.0669769 -0.0890012 0.0073532
v -0.0709547 -0.0705389 0.1689015
v -0.1048027 0.0299722 0.1194784
v 0.0867584 -0.0647359 0.1674488
v -0.0135486 -0.1112895 0.0074738
v 0.0188450 -0.1008589 0.0113769
v 0.0600693 -0.0920029 0.0103061
v 0.0725747 -0.0882821 0.0150186
v -0.0943078 -0.0799684 0.2272946
v -0.0655589 -0.0949107 0.0055931
v -0.0530473 -0.0910847 0.0059728
v -0.0244944 -0.0185236 0.1845268
v 0.0301314 -0.0975258 0.0123536
v -0.0291163 0.0063478 0.2406440
v 0.0387644 0.0382120 0.1483516
v -0.0800046 -0.0664806 0.2236935
v -0.0793287 -0.0966393 0.0087662
v -0.0683295 -0.0955723 0.0100246
v -0.0683608 -0.0581700 0.2031323
v -0.0176948 -0.1113228 0.0111215
v -0.0114842 -0.1109721 0.0146315
v -0.0016360 -0.1078069 0.0112223
v -0.0058235 0.0230419 0.2699829
v 0.0811601 -0.0956947 0.1238459
v 0.0630886 -0.0920206 0.0188339
v 0.0769827 -0.0846929 0.0137231
v -0.0945345 0.0347110 0.1137444
v 0.0742383 -0.0945210 0.1342392
v -0.0392500 0.0440692 0.1206614
v 0.0036377 -0.1058091 0.0185428
v -0.0810707 -0.0834629 0.1802020
v -0.0747451 -0.0781529 0.1801584
v 0.0788504 -0.0848092 0.0206434
v 0.0912210 -0.0673154 0.0201046
v -0.0519283 -0.0134033 0.2479497
v 0.0520464 -0.0931149 0.0216502
v 0.0636964 -0.0905877 0.0249117
v -0.0939146 0.0319688 0.1384229
v -0.0345409 0.0245739 0.2563795
v -0.1307830 -0.0360852 0.0846204
v -0.0989988 -0.1042318 0.1801424
v 0.0025798 -0.1043061 0.0239662
v 0.0714560 -0.0890197 0.0218992
v 0.0852436 -0.0795545 0.0260532
v 0.0881374 -0.0753050 0.0224956
v -0.0570027 -0.0174074 0.2473011
v 0.0813115 -0.0817562 0.1457325
v 0.0768653 -0.0843889 0.0296545
v 0.1211707 -0.0656868 0.0310074
v 0.1297496 -0.0593310 0.0313399
v 0.1389262 -0.0454025 0.0287472
v -0.0718449 -0.0912865 0.0228457
v -0.0265432 0.0097195 0.2785665
v -0.0354161 -0.0063009 0.2423494
v 0.0548594 -0.0959440 0.0268236
v 0.0670869 -0.0903573 0.0302780
v 0.0912541 -0.0908402 0.1176667
v -0.0862742 -0.0845425 0.1879238
v -0.0399042 -0.0113724 0.2494415
v -0.0421708 -0.0034937 0.2573944
v -0.0104956 0.0211900 0.3003717
v -0.0151292 0.0166624 0.2953367
v -0.0561646 -0.0182904 0.2344592
v 0.0875935 -0.0805041 0.0360356
v 0.1290715 -0.0645946 0.0389021
v 0.1370076 -0.0512959 0.0311148
v -0.1014087 -0.0990721 0.1618817
v 0.0010850 0.0163852 0.2540250
v -0.0942526 0.0784608 0.2692488
v -0.0497306 -0.0120810 0.2333228
v -0.0368065 0.0023620 0.2632710
v 0.1162375 -0.0515515 0.1323935
v 0.0617104 -0.1001878 0.0384478
v 0.0724424 -0.0925978 0.0360426
v 0.0809560 -0.0851065 0.0363488
v 0.1021163 -0.0685158 0.0372616
v 0.1455147 -0.0493954 0.0396948
v -0.0462759 -0.0062035 0.2318570
v -0.0603776 -0.0569710 0.1854160
v -0.0218167 0.0608229 0.1135626
v 0.0720093 -0.0984443 0.0437330
v 0.0773720 -0.0932049 0.0412551
v 0.0961725 -0.0768272 0.0391277
v 0.1269223 -0.0669536 0.0428385
v 0.1372475 -0.0588540 0.0399534
v -0.0249298 0.0012079 0.2562084
v -0.1038015 -0.0890833 0.2226707
v -0.0785401 -0.0627353 0.2334141
v 0.1230357 -0.0270494 0.1230053
v -0.0500082 -0.0159097 0.2450416
v -0.1031387 -0.1078757 0.1791857
v -0.0946296 0.0332292 0.1244198
v -0.0031663 0.0312727 0.3042733
v 0.0570908 -0.1068281 0.0467567
v -0.0851507 -0.0840965 0.1733648
v 0.1517842 -0.0435402 0.0493140
v 0.1206955 -0.0376293 0.1281788
v -0.0189836 -0.0019631 0.2526676
v 0.0634096 -0.1020456 0.0461008
v 0.0821724 -0.0891737 0.0433171
v 0.0915052 -0.0837779 0.0456505
v -0.0654155 -0.0635186 0.1923900
v 0.1152496 -0.0603159 0.1237404
v 0.0691496 -0.1007294 0.0498876
v 0.1007477 -0.0796220 0.0504305
v 0.1063701 -0.0702029 0.0473930
v -0.0948100 -0.0990167 0.1782779
v -0.0972490 -0.0856179 0.2136256
v 0.1352027 -0.0630028 0.0480162
v 0.1469435 -0.0515838 0.0473416
v -0.0650999 -0.0255481 0.2316704
v -0.1059211 -0.0995305 0.2022571
v 0.0726741 -0.1001523 0.0534075
v 0.0876278 -0.0899088 0.0533056
v 0.1489588 -0.0514036 0.0561859
v -0.0802331 -0.0818532 0.1858703
v 0.0805386 -0.0700745 0.1665252
v -0.0829973 -0.0688749 0.2111100
v 0.0465197 -0.1125601 0.0539948
v 0.0544120 -0.1079687 0.0517248
v 0.0799679 -0.0947421 0.0507087
v 0.0996807 -0.0825629 0.0569477
v -0.0950964 -0.0963004 0.1859618
v -0.0804629 -0.0759898 0.1646401
v 0.1425031 -0.0583060 0.0500858
v -0.0266688 0.0117183 0.2736264
v -0.0405542 -0.0062193 0.2531274
v -0.0784655 -0.0669412 0.2080217
v -0.1017529 -0.0907363 0.2164065
v 0.0535823 -0.1110185 0.0588705
v 0.0626430 -0.1040018 0.0561658
v 0.0937035 -0.0860916 0.0577392
v 0.1086383 -0.0717320 0.0555254
v 0.1414880 -0.0595371 0.0561831
v 0.1518398 -0.0461237 0.0596576
v -0.0151328 0.0204392 0.2872653
v 0.0070932 0.0252407 0.2659431
v 0.1120375 -0.0439004 0.1467850
v -0.0023380 0.0332068 0.2949606
v 0.0774048 -0.0975647 0.0551519
v 0.1042835 -0.0782120 0.0566601
v -0.0906912 -0.0764020 0.2053955
v 0.1472412 -0.0535722 0.0607823
v -0.0320001 -0.0073926 0.2523740
v 0.0560243 -0.1109644 0.0665682
v 0.0594392 -0.1078823 0.0618072
v 0.0738539 -0.0988393 0.0611027
v 0.1055435 -0.0785628 0.0667392
v 0.1134139 -0.0663733 0.0621225
v -0.0998047 -0.0939619 0.1976120
v -0.0496029 -0.0100750 0.2529600
v 0.0996892 -0.0668323 0.1487250
v 0.0829442 -0.0934093 0.0607890
v 0.0858173 -0.0908054 0.0694153
v 0.1003279 -0.0824590 0.0675095
v 0.1194316 -0.0569895 0.0668154
v 0.1430299 -0.0569594 0.0627943
v 0.0005381 0.0154950 0.2599000
v -0.0021832 0.0104145 0.2556760
v 0.1158362 0.0049513 0.1283825
v 0.0803735 -0.0970252 0.0735520
v 0.1098058 -0.0732650 0.0647569
v 0.0538905 -0.0724379 0.1778336
v 0.1503848 -0.0469589 0.0668825
v 0.1102041 0.0259577 0.1024983
v 0.1018529 -0.0781808 0.1275080
v -0.0291115 -0.0068258 0.2495978
v -0.0829190 -0.0678813 0.2153899
v -0.1000344 -0.1059804 0.1724305
v -0.1025801 -0.1053025 0.1663410
v 0.0667366 -0.1050198 0.0659398
v 0.0923257 -0.0875788 0.0664196
v 0.1076543 0.0203481 0.1212993
v 0.1464255 -0.0509387 0.0687199
v -0.0889915 -0.0772757 0.2237998
v 0.0503746 -0.0825852 0.1601245
v 0.0572141 -0.1114810 0.0752420
v 0.0930835 -0.0863078 0.0746942
v 0.1061888 -0.0772292 0.0758414
v 0.1133994 -0.0684400 0.0739896
v -0.0919262 -0.0763572 0.2089602
v 0.0019691 0.0343083 0.2834988
v -0.1509380 -0.0370348 0.1629031
v 0.0317007 -0.0915801 0.1362222
v -0.0938258 -0.0790135 0.1588850
v -0.0885920 -0.0823080 0.1674330
v 0.0755837 -0.1010071 0.0720709
v 0.0849171 -0.0920799 0.0745009
v 0.0995571 -0.0839730 0.0804014
v 0.1179122 -0.0596365 0.0728352
v -0.0774337 -0.0761969 0.1925214
v -0.0480046 -0.0104898 0.2621212
v 0.0210907 -0.0916441 0.1358330
v 0.0116264 0.0290951 0.2658240
v -0.0271028 0.0076583 0.2623632
v 0.0858218 -0.0864665 0.1351798
v -0.0975999 -0.0876374 0.1599901
v 0.0912293 -0.0875154 0.1268254
v 0.0641266 -0.1084348 0.0765439
v 0.0915648 -0.0898945 0.0815770
v 0.1233451 -0.0493105 0.0844334
v -0.1228504 0.0020039 0.2326496
v -0.0585899 -0.0210060 0.2393370
v -0.0711381 -0.0408693 0.2270583
v -0.0095842 0.0107247 0.2486688
v 0.0679535 -0.1066532 0.0795325
v 0.0789750 -0.1016250 0.0836984
v 0.1045441 -0.0799645 0.0795533
v -0.1453617 -0.0531229 0.2101995
v -0.0728334 -0.0689568 0.1978396
v -0.0419536 -0.0117402 0.2444389
v -0.1474987 -0.0463611 0.2036375
v -0.0931331 -0.0863399 0.1941415
v 0.0617485 -0.1114427 0.0867034
v 0.0698196 -0.1079765 0.0850132
v 0.1180199 -0.0613744 0.0911230
v -0.0706318 -0.0440206 0.2169981
v 0.0917262 -0.0706116 0.1563920
v -0.0758629 -0.0609610 0.2187446
v 0.0854073 -0.0958333 0.0844721
v 0.0961975 -0.0883981 0.0852149
v 0.1104923 -0.0731013 0.0846989
v 0.1263033 -0.0397087 0.0815590
v -0.0617131 -0.0540472 0.1949505
v 0.0107051 0.0362059 0.2760212
v -0.0396945 -0.0024367 0.2662026
v -0.0597071 -0.0186038 0.2517565
v -0.0575398 -0.0143029 0.2266722
v 0.1164778 0.0119174 0.1181302
v -0.0949748 -0.0828913 0.2026725
v -0.0886578 -0.0808318 0.1969666
v -0.0620871 -0.0606663 0.1777013
v -0.0654737 -0.0665569 0.1832269
v -0.1086707 -0.0987079 0.2097531
v 0.0538277 -0.1135136 0.0863362
v 0.0693949 -0.1085191 0.0924331
v 0.0770817 -0.1038508 0.0939013
v 0.0841432 -0.0990531 0.0908498
v 0.0953701 -0.0897775 0.0913990
v -0.0912839 -0.0769317 0.2150956
v -0.0907301 0.0326755 0.2467370
v 0.0749145 -0.0890094 0.1417366
v -0.0936056 -0.0881446 0.1648290
v 0.0624480 -0.1105112 0.0935710
v 0.0911587 -0.0920547 0.0985065
v 0.1225003 -0.0521059 0.0970938
v 0.1246840 -0.0424017 0.1000768
v -0.0657316 -0.0673265 0.1746760
v -0.0247546 0.0082482 0.2857992
v -0.0828063 -0.0768374 0.1988195
v 0.1115941 0.0125599 0.1275764
v -0.0758516 -0.0779029 0.1748253
v 0.0599782 -0.1091317 0.1018224
v -0.0062526 0.0169800 0.2631949
v 0.0739063 -0.0715425 0.1703944
v -0.0781199 -0.0775070 0.1688862
v 0.0696905 -0.1055717 0.1006463
v -0.0939142 0.0973114 0.2516435
v -0.0034552 0.0310871 0.2864639
v 0.0910688 -0.0790705 0.1406011
v 0.1164280 -0.0361578 0.1390843
v 0.0824235 -0.0923748 0.1294338
v 0.0754504 -0.1018662 0.1060229
v 0.0944900 -0.0890222 0.1033191
v 0.0996602 -0.0862739 0.1009633
v 0.1075502 -0.0773968 0.0931530
v -0.1218429 -0.0993120 0.1605178
v 0.0921000 -0.0761807 0.1464387
v -0.0725563 -0.0595330 0.2084938
v -0.0923812 -0.0934711 0.1733892
v -0.0971966 -0.1004711 0.1684391
v 0.1003478 -0.0585763 0.1579578
v 0.1104272 -0.0733717 0.1083799
v -0.0902919 0.1102953 0.2629847
v -0.0121530 0.0238623 0.2812563
v 0.1211324 0.0041418 0.1101800
v 0.1121830 -0.0581011 0.1359194
v 0.0554725 -0.1124653 0.1054546
v 0.0818174 -0.0995846 0.1023852
v 0.1071168 -0.0686753 0.1317909
v -0.0702833 -0.0721757 0.1847197
v -0.0295642 0.0084640 0.2662370
v 0.0488812 -0.1152357 0.1062545
v 0.0671420 -0.1040459 0.1106894
v 0.1024092 -0.0841485 0.1072657
v 0.1058876 -0.0788739 0.1022784
v 0.1161177 -0.0083521 0.1406216
v 0.0831323 -0.0764567 0.1550222
v -0.0116032 0.0091434 0.2584090
v 0.0078127 0.0422495 0.2909808
v -0.0162783 0.0196594 0.2740227
v -0.0633373 -0.0197323 0.2245921
v 0.0586690 -0.1097893 0.1125879
v 0.0853457 -0.0963105 0.1103646
v 0.0991129 -0.0874309 0.1113383
v -0.0130872 0.0033725 0.2554690
v -0.1515899 -0.0566059 0.1722765
v -0.1150297 0.0103397 0.2086348
v -0.1513984 -0.0615124 0.1760300
v -0.1211565 0.0252673 0.2486853
v -0.1522147 -0.0760465 0.1795404
v 0.0904467 -0.0914684 0.1094222
v 0.1041034 -0.0813678 0.1150736
v 0.0651211 -0.1028786 0.1198071
v 0.1111711 -0.0680404 0.1233086
v -0.0894224 -0.0891254 0.1808713
v -0.1026902 -0.1032979 0.1883735
v -0.0076334 0.0255982 0.2981518
v 0.0638744 -0.0770640 0.1648299
v -0.0678365 -0.0266334 0.2389260
v 0.0939374 -0.0818094 0.1343737
v -0.1412530 -0.0110625 0.1243391
v -0.0864208 -0.0738994 0.2190893
v -0.0836066 -0.0706176 0.2261447
v 0.0984233 -0.0847805 0.1208723
v -0.1182355 0.0306841 0.2333538
v 0.0707931 0.0143564 0.0039879
v 0.0680196 0.0263703 0.0039188
v 0.1222531 -0.0471951 0.1150362
v 0.1102718 -0.0091876 0.0110617
v 0.0779858 0.0011839 0.0069506
v 0.0728720 0.0220153 0.0098680
v 0.0809642 -0.0772975 0.0129251
v 0.1269865 -0.0161299 0.0183306
v 0.0768422 0.0064043 0.0087145
v 0.0668772 0.0367699 0.0097922
v -0.1469079 -0.0784404 0.1607261
v -0.1475877 -0.0235536 0.1608619
v -0.0914834 0.1126436 0.2869892
v 0.0114161 0.0489928 0.2932416
v -0.0909263 0.0421577 0.2377987
v -0.0509535 0.0421248 0.1233651
v 0.1201868 -0.0071269 0.0171283
v 0.1211592 -0.0004755 0.0224614
v 0.0769940 0.0159259 0.0142545
v 0.0112326 0.0293034 0.2624000
v -0.0911451 0.0549942 0.2396608
v 0.0151021 0.0535404 0.2879170
v 0.1165548 0.0153150 0.1044188
v -0.1289374 -0.0618813 0.1509888
v 0.1327513 -0.0321659 0.0210318
v 0.1395759 -0.0130840 0.0288954
v 0.0775551 0.0260725 0.0191107
v 0.0706114 0.0312730 0.0099882
v -0.0366010 -0.0027344 0.2374687
v 0.1310983 -0.0076047 0.0239300
v 0.0974258 0.0262420 0.1331401
v 0.0051550 0.0236981 0.2567485
v -0.0637273 -0.0166128 0.2061705
v 0.0144326 0.0537815 0.2819220
v 0.1392037 -0.0238554 0.0264799
v 0.1364676 -0.0050802 0.0303704
v 0.0814225 0.0386146 0.1294433
v 0.0827341 0.0186417 0.0216602
v 0.0743136 0.0379126 0.0207248
v -0.0101648 0.0363906 0.1551484
v -0.0740636 -0.0531332 0.2330339
v 0.1418284 -0.0379680 0.0289462
v 0.1470611 -0.0242542 0.0344315
v 0.1254836 0.0047431 0.0296776
v -0.1340355 -0.0600490 0.1555819
v 0.0920155 0.0140164 0.0283005
v 0.0905098 0.0226945 0.0295348
v 0.0868745 0.0298555 0.0286142
v 0.0776802 0.0320570 0.0233850
v 0.0718402 0.0412294 0.0277355
v 0.0020356 0.0444482 0.1348591
v -0.0914283 0.1025762 0.2776624
v -0.0910912 0.0123200 0.2283100
v 0.1247963 -0.0292481 0.1097034
v -0.0652452 -0.0209457 0.2190705
v -0.1319237 -0.0914429 0.1566468
v -0.0707324 -0.0378975 0.2336732
v -0.0936335 0.0373405 0.2294274
v -0.0693854 -0.0503244 0.2093278
v -0.0894352 0.1182634 0.2837490
v 0.1466497 -0.0341290 0.0336513
v 0.1441158 -0.0094125 0.0362325
v 0.1342362 0.0038333 0.0389727
v -0.0917639 0.0884278 0.2682817
v 0.1466403 -0.0428811 0.0357598
v 0.1474160 -0.0175077 0.0365563
v 0.1393083 -0.0017586 0.0371973
v -0.0442423 0.0550851 0.0009348
v 0.0930814 0.0249817 0.0340494
v -0.1039924 0.0074135 0.0036354
v 0.1512520 -0.0402958 0.0444076
v -0.0187211 0.0059471 0.1795998
v -0.0730839 -0.0515228 0.2214240
v 0.1499548 -0.0333648 0.0390426
v 0.1531963 -0.0296855 0.0470804
v 0.1426997 -0.0016768 0.0454893
v 0.0871509 0.0374681 0.0362469
v 0.0162079 0.0504175 0.2792318
v -0.1204791 -0.0558101 0.0773340
v -0.0925398 0.0829037 0.2513494
v 0.1050134 0.0149987 0.0455661
v 0.0988007 0.0190123 0.0408150
v 0.0930799 0.0294499 0.0384769
v 0.1520770 -0.0219062 0.0461256
v 0.1484435 -0.0110491 0.0454244
v 0.0917260 0.0330841 0.0438212
v -0.0008488 0.0611706 0.1238282
v -0.1382227 -0.0183165 0.1527757
v 0.1547899 -0.0341831 0.0567544
v 0.1526633 -0.0146794 0.0544092
v 0.1482129 -0.0067773 0.0532892
v 0.1112587 0.0098505 0.0530797
v 0.0949255 0.0300367 0.0480008
v -0.0219241 0.0150306 0.1747707
v -0.1427892 -0.0380181 0.1396927
v 0.1551576 -0.0239280 0.0566931
v 0.1054302 0.0209330 0.0532328
v 0.0821037 0.0455096 0.0463149
v -0.0903088 0.1022423 0.2707064
v -0.1475158 -0.0352821 0.1589199
v -0.1433384 -0.0283583 0.1558859
v 0.1527160 -0.0148942 0.0595985
v 0.0954809 0.0332654 0.0544362
v -0.1535515 -0.0554266 0.1828926
v -0.1527796 -0.0788274 0.1737984
v 0.0151408 0.0453953 0.2796893
v -0.1298789 -0.0496272 0.0871227
v -0.0403855 0.0010744 0.2346787
v 0.1537871 -0.0400666 0.0647869
v 0.1532745 -0.0200279 0.0662464
v 0.1150123 0.0081841 0.0623506
v 0.1030919 0.0262935 0.0599227
v -0.0901593 0.0486125 0.2534090
v -0.1194756 0.0227975 0.2402975
v 0.1098221 0.0192840 0.0630236
v 0.0974187 0.0339468 0.0627141
v -0.1327187 -0.0091516 0.2268856
v -0.1405118 -0.0225302 0.1446552
v -0.1092966 0.1079571 0.2955060
v -0.1376642 0.0024671 0.1826219
v 0.1550579 -0.0309497 0.0650132
v 0.1134193 0.0161396 0.0697435
v 0.1035636 0.0283664 0.0688816
v -0.1500440 -0.0759173 0.1883469
v -0.0912508 0.0963346 0.2607327
v -0.1087379 0.0521819 0.2282031
v -0.0671295 -0.0069052 0.2077153
v -0.0673853 -0.0355835 0.2165980
v 0.1533733 -0.0353432 0.0704261
v -0.0892140 0.1135315 0.2787764
v 0.0835815 0.0441365 0.0651946
v -0.1161055 0.0525059 0.2332622
v -0.0908514 -0.0438986 0.0539304
v -0.0904039 -0.0908379 0.0062700
v 0.1503491 -0.0291455 0.0757728
v -0.0386501 0.0135856 0.1791337
v 0.0920330 0.0378371 0.0691005
v -0.0497634 0.0110386 0.1849023
v -0.1148531 0.0734807 0.2621402
v 0.0140309 0.0465133 0.2719698
v -0.1455559 -0.0100458 0.1749662
v -0.0910238 0.0782480 0.2608222
v 0.1206295 0.0022936 0.1164398
v -0.0632687 -0.0294900 0.2084995
v -0.1450263 -0.0639175 0.2064601
v -0.1148604 0.0473342 0.2464536
v 0.1083572 0.0222707 0.0795868
v 0.0862436 0.0447574 0.0738813
v -0.0624472 -0.0114997 0.2219330
v -0.1504391 -0.0746855 0.1656307
v -0.1090110 -0.0749396 0.0811980
v -0.0905186 0.0645691 0.2473561
v 0.0141969 0.0357205 0.2681773
v 0.1202843 0.0014609 0.0767522
v 0.1171449 0.0093192 0.0725360
v 0.1006108 0.0310696 0.0790197
v 0.0929300 0.0395647 0.0764137
v -0.0253203 -0.0006171 0.2444053
v -0.1391929 -0.0149641 0.1429871
v -0.0762214 -0.0598780 0.2266463
v 0.1220076 0.0012341 0.1038085
v 0.1201287 0.0047688 0.0850211
v 0.0597940 0.0555395 0.1156530
v -0.1005384 0.0318519 0.1156892
v -0.1480433 -0.0151997 0.1789379
v 0.1248400 -0.0082148 0.0827689
v -0.1524796 -0.0254337 0.1739283
v 0.1228712 -0.0386642 0.1189886
v 0.0111132 0.0334815 0.2625503
v 0.1246224 -0.0107731 0.1073061
v 0.1261054 -0.0168282 0.0881477
v 0.1141633 0.0155762 0.0786743
v 0.1200364 -0.0130307 0.1323735
v -0.0686165 -0.0315590 0.2238044
v 0.1229859 -0.0074933 0.1187771
v 0.1204451 -0.0520769 0.1171207
v 0.1151027 -0.0180148 0.1444946
v -0.1376260 -0.0016697 0.1259542
v 0.1150429 0.0134260 0.0903511
v 0.1046762 0.0258695 0.0855259
v -0.1518730 -0.0683855 0.1748619
v -0.0909570 0.0263454 0.2367320
v 0.1235204 -0.0042224 0.0952853
v 0.1092295 0.0235793 0.0927963
v 0.1013290 0.0322650 0.0907134
v -0.1484885 -0.0464593 0.2173972
v -0.1144089 0.1048326 0.2897705
v -0.0899373 0.0650927 0.2547591
v -0.0658949 -0.0135875 0.2156504
v 0.1157309 -0.0627773 0.1143214
v -0.1122327 -0.0405893 0.0635148
v -0.1482994 -0.0377423 0.2113075
v 0.1193581 -0.0219506 0.1352755
v -0.1113109 0.1040708 0.2856135
v -0.1181259 0.0150418 0.2348260
v -0.1369396 -0.0057871 0.1387559
v -0.1204511 0.0062336 0.1613353
v 0.1261618 -0.0325727 0.0908040
v 0.1178138 0.0103382 0.0964663
v 0.1066477 0.0294592 0.0973835
v -0.0412404 0.0454536 0.0242570
v -0.1366978 -0.0079617 0.2127104
v -0.0930266 0.0627902 0.2634652
v -0.0895828 0.0488912 0.2470315
v 0.1254371 -0.0198473 0.1074724
v 0.1228623 -0.0046533 0.1017568
v -0.0560857 -0.0064230 0.2259879
v -0.0946483 0.1144608 0.2924725
v -0.1005406 0.1102372 0.2948537
v -0.0959875 0.1087665 0.2911055
v -0.0951420 0.0954513 0.2793242
v -0.1071630 0.1033452 0.2948236
v -0.1169385 -0.0717481 0.2380590
v 0.0010538 -0.0363672 0.1902903
v -0.0906323 -0.0390689 0.2454157
v -0.0784216 -0.0537386 0.2410333
v -0.0409558 -0.0012675 0.2791814
v -0.1147174 0.0985895 0.2931455
v -0.1244799 -0.0332836 0.2441489
v -0.1114110 -0.0621777 0.2425906
v -0.1018763 0.0977519 0.2879773
v 0.0185306 -0.0979774 0.1338260
v -0.0855512 -0.0557465 0.2428480
v -0.1211654 -0.0647900 0.2403320
v -0.1293933 -0.0423947 0.2428621
v -0.1108466 0.0078484 0.2513347
v 0.0061830 0.0480991 0.3032230
v -0.0533307 -0.0480378 0.1824229
v -0.1046073 -0.0062742 0.2445896
v -0.1138961 -0.0076984 0.2441851
v -0.1027848 0.0877317 0.2821966
v -0.0865057 -0.0687753 0.2390070
v -0.0133190 -0.0362276 0.1857077
v -0.1119544 0.0934176 0.2904893
v -0.1195911 0.0912361 0.2884645
v 0.0614128 -0.0532205 0.1892168
v -0.1391350 -0.0269613 0.1515307
v -0.0291177 -0.0549422 0.1762195
v -0.0646092 -0.0416281 0.2067376
v -0.0522613 -0.0215402 0.1919687
v -0.0970407 -0.0048277 0.2412064
v -0.0416130 -0.0516271 0.1818521
v 0.0526157 -0.0444301 0.1942373
v 0.0300046 -0.0357213 0.1957457
v 0.0408463 -0.0453372 0.1949358
v -0.1517494 -0.0267790 0.1674389
v -0.0978794 -0.0550352 0.2447068
v -0.1395239 -0.0198654 0.2183838
v -0.1078630 -0.0168117 0.2447992
v 0.0174319 -0.0367446 0.1940107
v -0.0549725 -0.0445905 0.1855325
v -0.1068445 -0.0764378 0.2362704
v 0.0031786 0.0411145 0.3026728
v -0.0009415 0.0369551 0.3073920
v -0.1335219 -0.0183614 0.2385189
v -0.1426605 -0.0143576 0.1284810
v -0.1431985 -0.0242813 0.2113800
v -0.1019611 -0.0315527 0.2456891
v 0.0204271 -0.0634528 0.1862344
v -0.1438923 -0.0172956 0.2059116
v -0.1208134 0.0349451 0.2461990
v -0.1527529 -0.0497247 0.1698203
v -0.0134137 -0.0249938 0.1868401
v -0.0994933 0.0812555 0.2768223
v -0.1046720 0.0750266 0.2783567
v 0.1479605 -0.0190615 0.0756154
v -0.1171817 0.1018041 0.2924565
v -0.0300577 -0.0230268 0.1861823
v 0.0156222 -0.0470536 0.1924454
v 0.1022518 0.0014813 0.1572662
v -0.1292299 0.0107492 0.1276005
v -0.0129977 0.0328460 0.2998861
v -0.0896833 -0.0251997 0.2450408
v -0.1440529 -0.0454094 0.1143666
v 0.1503462 -0.0144495 0.0695352
v -0.0524913 -0.0366845 0.1891024
v 0.0952714 0.0033571 0.1644847
v -0.1436625 -0.0188675 0.1231624
v -0.1498303 -0.0646188 0.1675991
v -0.1105675 0.0808606 0.2833969
v -0.1054812 -0.0707315 0.2395706
v 0.1537574 -0.0259090 0.0696585
v -0.0465621 -0.0422145 0.1859676
v 0.0992399 -0.0118917 0.1665125
v -0.1120464 0.0283093 0.2236120
v -0.1369404 -0.0495819 0.1444354
v -0.1185026 0.0095444 0.1554765
v -0.1394754 -0.0547508 0.2364960
v 0.1453770 -0.0243393 0.0785585
v -0.0756847 -0.0282248 0.2438593
v 0.1070599 -0.0107341 0.1557351
v 0.0966037 -0.0063710 0.1679034
v -0.1239031 0.0182013 0.1238806
v -0.1452163 -0.0648495 0.2204563
v -0.0081823 0.0270747 0.3053068
v -0.1081271 0.0164649 0.2561305
v -0.1082395 0.0625275 0.2761338
v -0.0279426 -0.0361895 0.1846815
v -0.0753084 -0.0480104 0.2393540
v 0.0304921 -0.0614658 0.1884944
v 0.0918611 -0.0152235 0.1739489
v 0.0850519 -0.0029277 0.1758541
v -0.1450379 -0.0298362 0.1324939
v -0.1172590 0.0627598 0.2753121
v -0.0235920 -0.0627763 0.1714231
v 0.0757396 -0.0051996 0.1833551
v -0.1508815 -0.0854035 0.1697367
v 0.0384189 -0.0968761 0.1337357
v -0.0796552 -0.0622581 0.2388121
v -0.0809296 -0.0416449 0.2435250
v -0.0393041 -0.0583413 0.1773974
v -0.1146163 0.0729737 0.2805146
v 0.1366743 -0.0283974 0.0803934
v -0.0985921 -0.0173124 0.2440506
v 0.1058040 -0.0239836 0.1587220
v 0.0670304 -0.0034466 0.1871970
v -0.1279358 0.0000625 0.2194280
v -0.1499152 -0.0385814 0.2200918
v -0.1400499 -0.0340429 0.2390155
v -0.0980162 0.0581173 0.2686869
v -0.1228347 0.0641285 0.2708795
v -0.1115341 -0.0864282 0.2284646
v 0.1504799 -0.0385593 0.0738016
v 0.1472951 -0.0372788 0.0774343
v 0.1434388 -0.0334472 0.0797232
v 0.1284938 -0.0278600 0.0807828
v 0.0582387 -0.0056673 0.1914754
v -0.1259813 0.0102551 0.1404333
v -0.1197104 -0.0189373 0.2435953
v 0.0770946 -0.0647576 0.1757691
v -0.1169210 -0.0813520 0.2321723
v -0.0182392 0.0240822 0.2988565
v -0.1023676 0.0602550 0.2728956
v 0.0672622 -0.0598512 0.1831429
v 0.1416330 -0.0403560 0.0791677
v 0.1346455 -0.0353338 0.0801958
v -0.0855649 -0.0188420 0.2458668
v 0.0842870 -0.0229638 0.1808950
v 0.0721255 -0.0141104 0.1871878
v -0.1479170 -0.0550163 0.2178675
v -0.0594970 -0.0367793 0.1998154
v -0.0146139 0.0200895 0.3010177
v 0.0509569 -0.0553138 0.1912915
v 0.0385838 -0.0526942 0.1930713
v 0.1482903 -0.0453070 0.0723654
v -0.1370597 -0.0437566 0.2401983
v 0.0993546 -0.0215915 0.1672293
v 0.0820933 -0.0127529 0.1809552
v -0.0619313 -0.0487481 0.1994394
v -0.0934836 0.0488260 0.2600423
v -0.0996104 0.0383415 0.2629475
v -0.1034084 0.0449191 0.2680404
v -0.1119183 0.0510268 0.2727181
v 0.1300137 -0.0369893 0.0787972
v -0.0211664 -0.0463177 0.1798851
v -0.0565550 -0.0252916 0.1958889
v 0.0921063 -0.0275987 0.1745540
v 0.0609552 -0.0168655 0.1927452
v 0.0504422 -0.0155509 0.1952197
v 0.0355367 -0.0081732 0.1946861
v 0.0397604 -0.1040713 0.1300147
v -0.0712403 -0.0288548 0.2396020
v -0.1071194 0.0492885 0.2715398
v 0.1423188 -0.0457625 0.0763345
v 0.1239229 -0.0480614 0.0754608
v 0.0722409 -0.0255926 0.1881670
v -0.1529624 -0.0300100 0.1872219
v -0.1412101 -0.0302918 0.1452798
v -0.0121033 -0.1075609 0.1146701
v -0.0905987 -0.0646747 0.2415339
v -0.0581031 -0.0583301 0.1748596
v 0.1351633 -0.0443604 0.0777103
v -0.1456145 -0.0616171 0.2128221
v -0.0730461 -0.0354277 0.2388704
v 0.0031458 -0.0460904 0.1890976
v 0.1009271 -0.0373626 0.1648842
v 0.0816005 -0.0340359 0.1827752
v -0.1347337 0.0035524 0.1289136
v -0.0388472 -0.0227003 0.1889504
v -0.0447792 -0.0130693 0.1899639
v -0.0337481 0.0133599 0.2888890
v -0.1153772 0.0021909 0.2463889
v -0.0599112 -0.0192426 0.1990859
v -0.1363408 -0.0283089 0.2398462
v 0.0118676 -0.0581509 0.1872340
v 0.0273852 -0.0142857 0.1948580
v -0.1439211 -0.0451581 0.1274749
v -0.0960226 -0.0340169 0.0024613
v -0.0950005 -0.0515441 0.0035729
v -0.0998540 -0.0706989 0.0051915
v 0.0732770 0.0425717 0.1264378
v -0.0437410 0.0217155 0.2548040
v -0.1201802 0.0109140 0.1942381
v -0.1114794 -0.0170598 0.0041985
v -0.1048181 -0.0270843 0.0043096
v -0.0947216 -0.0383751 0.0052015
v -0.1000083 -0.0695926 0.0081555
v -0.0922567 -0.0884154 0.0115233
v -0.1099044 -0.0203933 0.0069787
v -0.0967427 -0.0549075 0.0079790
v -0.0991840 -0.0622439 0.0088247
v -0.0955174 -0.0818231 0.0126798
v -0.0866916 -0.0915877 0.0158041
v -0.0870368 -0.0934919 0.0102860
v -0.0399126 0.0447376 0.1107267
v -0.0453895 -0.0887418 0.0085031
v -0.1104320 -0.0109579 0.0085454
v -0.1097872 -0.0150290 0.0123220
v -0.1087319 -0.0192284 0.0121326
v -0.1044006 -0.0245378 0.0103354
v -0.1009068 -0.0300679 0.0096843
v -0.0886513 -0.0424218 0.0089801
v -0.0447594 -0.0859521 0.0182135
v -0.0366919 -0.0984654 0.0105718
v -0.0243019 -0.1096182 0.0119719
v -0.0028478 -0.0966959 0.1283891
v -0.1002325 0.0148155 0.1789781
v -0.0939093 -0.0361870 0.0099002
v -0.0952315 -0.0594870 0.0159677
v -0.1381127 -0.0578299 0.1274508
v -0.0414023 -0.0915931 0.0138438
v -0.0350679 -0.0998516 0.0152472
v -0.0287458 -0.1056249 0.0139887
v -0.1063946 -0.0163796 0.0175462
v -0.1271586 -0.0702915 0.1290013
v -0.0189463 -0.0997124 0.0886623
v -0.0414029 -0.0889768 0.0188734
v -0.0187550 -0.1096304 0.0183979
v -0.1056745 -0.0093652 0.0171625
v -0.1007130 -0.0234819 0.0173457
v -0.1412110 -0.0470407 0.1375042
v -0.0142888 -0.1100695 0.0910003
v -0.0882047 -0.0883571 0.0202590
v -0.0288358 -0.1025618 0.0210950
v -0.1178589 -0.0751419 0.1404805
v -0.0912506 -0.0322935 0.0171714
v -0.0885033 -0.0278439 0.0221845
v 0.0853101 0.0424037 0.1126213
v -0.1216899 -0.0745953 0.0978299
v -0.0871625 -0.0831775 0.0252428
v -0.0163640 -0.1098421 0.0969553
v -0.0353077 -0.0938460 0.0225279
v -0.0260858 -0.0984938 0.0269646
v 0.0033608 -0.0920005 0.1332600
v -0.1010129 -0.0181917 0.0217537
v -0.0821060 -0.0251252 0.0262890
v -0.0700305 -0.0064978 0.2612517
v -0.0767483 -0.0800356 0.0301678
v -0.1240983 -0.1042457 0.1707475
v -0.0208581 -0.0988195 0.1093830
v -0.1174737 0.0178773 0.2529413
v -0.0387026 -0.0844818 0.0264103
v -0.0172784 -0.1007047 0.1147557
v -0.1265007 -0.1005249 0.1668081
v -0.0714273 -0.0327169 0.0285558
v -0.0304871 -0.0816830 0.0343237
v -0.0293755 -0.0935064 0.0272604
v -0.0070430 -0.1061771 0.1213991
v -0.1106901 -0.0859896 0.1165129
v -0.0736884 -0.0274037 0.0321163
v -0.1312078 -0.1017301 0.1771313
v -0.0659088 -0.0770742 0.0328766
v -0.0310641 -0.0880479 0.0307457
v -0.0126459 -0.0977177 0.1224318
v -0.1390943 -0.0566222 0.1168442
v -0.0818262 -0.0175530 0.0308356
v -0.1403407 -0.0527597 0.1112242
v -0.1508755 -0.0845731 0.1831704
v 0.0018744 -0.1032787 0.1274432
v -0.0218401 -0.0896814 0.0344042
v -0.1382375 -0.0826996 0.2186683
v -0.1165947 -0.0821620 0.1135471
v -0.1452617 -0.0583899 0.2280110
v -0.0729767 -0.0264607 0.0372515
v -0.0667374 -0.0355109 0.0403245
v -0.1383721 -0.0726541 0.2268181
v -0.1062745 -0.0873514 0.1055537
v -0.0671986 -0.0710748 0.0370627
v -0.1329979 -0.0704818 0.2326154
v -0.0247496 -0.0782746 0.0379291
v -0.1439274 -0.0961202 0.1722988
v -0.1217869 0.0799573 0.2807594
v -0.1332363 -0.0647969 0.1216549
v -0.0785350 -0.0177436 0.0403413
v -0.1242712 -0.0819262 0.2297446
v -0.1022055 -0.0900540 0.1090345
v -0.0546225 0.0417464 0.1191680
v -0.1396102 -0.0965661 0.1979361
v -0.1517085 -0.0862593 0.1750805
v -0.0681746 -0.0319116 0.0388558
v -0.0659268 -0.0702485 0.0458824
v -0.1459426 -0.0890460 0.1914972
v -0.0225085 -0.0765737 0.0425021
v -0.0181342 -0.0813645 0.0467784
v -0.1338044 0.0044603 0.1779276
v -0.1293109 -0.1072353 0.1936443
v -0.0693171 -0.0348007 0.0451563
v -0.1235954 0.0902151 0.2822315
v -0.0722196 -0.0449768 0.0474861
v -0.0723570 -0.0554238 0.0525075
v -0.0706613 -0.0563449 0.0460059
v -0.0618290 -0.0764116 0.0572890
v -0.1334796 -0.0570281 0.0957391
v -0.0030800 -0.1025260 0.0483799
v -0.1265396 -0.0721861 0.1145723
v -0.1340245 -0.0614466 0.1060754
v -0.0772733 -0.0490379 0.0522405
v -0.1308553 -0.0842002 0.2236754
v -0.0147752 -0.0983622 0.0779383
v -0.0171063 -0.0842843 0.0585344
v -0.1486642 -0.0912303 0.1790420
v -0.0585526 -0.0044749 0.2697944
v -0.1420585 -0.0744154 0.2204292
v -0.1403813 -0.0876331 0.2096465
v 0.0021682 -0.1077309 0.0550459
v -0.1340071 -0.1038810 0.1846220
v -0.0919733 0.0242109 0.1588838
v -0.1284677 -0.0692128 0.1027964
v -0.1435271 -0.0937857 0.1658907
v -0.0069368 -0.0994242 0.0579336
v 0.0083607 -0.1118482 0.0566700
v -0.1073824 -0.0842198 0.0970363
v -0.1341650 -0.1012271 0.2000293
v -0.0795207 -0.0762141 0.0301111
v 0.0534890 0.0359456 0.1517945
v -0.0782565 -0.0957522 0.0052346
v -0.1184065 0.0330422 0.2606269
v -0.1339977 -0.0590767 0.1392138
v -0.1429042 -0.0952826 0.1872546
v -0.1246534 -0.0671014 0.1457977
v -0.1428124 -0.0504880 0.1223714
v -0.1446206 -0.0783176 0.2104279
v -0.0050427 -0.1106413 0.1176478
v -0.0829313 0.0388974 0.1152528
v -0.0204926 -0.0823443 0.0674289
v -0.0092326 0.0404650 0.2929533
v 0.0179520 0.0413713 0.1518822
v -0.0143767 -0.1104329 0.1053912
v -0.0873671 -0.0116688 0.2447595
v -0.1391783 -0.0998249 0.1767695
v -0.1145687 0.0622201 0.2331549
v -0.0075612 -0.1150278 0.0925450
v -0.1340750 -0.0927877 0.2119573
v -0.0122679 -0.1087310 0.0046658
v -0.1387072 -0.1001279 0.1881123
v -0.0978572 0.0256353 0.1475964
v -0.0093622 -0.1087154 0.0817889
v -0.1192478 0.0150709 0.2481257
v -0.1208320 -0.0778415 0.1045898
v -0.1347016 -0.1039674 0.1925003
v -0.1288429 -0.0655117 0.0954065
v -0.1298080 -0.0648793 0.1367445
v -0.1389054 -0.0538276 0.1355369
v -0.1282899 -0.0977182 0.2114714
v -0.1242167 -0.0738710 0.1230618
v -0.1132803 -0.0834213 0.1242252
v -0.0717515 0.0407726 0.1098415
v -0.1192813 -0.0704966 0.0884221
v -0.0099823 0.0416540 0.1465607
v -0.1431219 -0.0550884 0.2333341
v -0.0145577 -0.0933567 0.0692134
v -0.0064362 -0.1061307 0.0685386
v -0.1335555 -0.1013550 0.1744525
v 0.0042881 0.0489454 0.2825309
v -0.0211919 -0.1004914 0.1016166
v -0.0502672 0.0412527 0.1103268
v -0.0297878 0.0417046 0.1386253
v -0.0221804 0.0426618 0.1422141
v -0.1139808 0.0127702 0.1737332
v -0.0586483 0.0379152 0.1435274
v -0.0212253 -0.0882828 0.0799389
v -0.0574658 0.0397264 0.0028730
v -0.0563861 0.0391957 0.0114340
v -0.0593252 0.0325574 0.0070005
v -0.1431329 -0.0146456 0.1606373
v 0.1370925 -0.0211295 0.0791945
v -0.1071705 -0.0011362 0.0083006
v -0.0882463 -0.0479377 0.0106436
v -0.1217934 0.0832358 0.2739578
v -0.0539864 0.0116053 0.2725101
v -0.1215743 0.0974422 0.2877575
v -0.0474838 0.0517299 0.0111720
v -0.0548317 0.0455044 0.0056629
v -0.0996697 0.0070361 0.0142606
v -0.1048842 -0.0033858 0.0163481
v -0.1176814 0.0508169 0.2520080
v -0.0925740 -0.0533631 0.0126283
v -0.1110060 0.0800886 0.2371340
v -0.0485030 0.0451220 0.0164572
v -0.0603812 0.0250338 0.0111848
v -0.1455194 -0.0120915 0.1904333
v -0.1203747 0.0015941 0.2407875
v -0.1066433 0.0993473 0.2710527
v -0.0959852 -0.0662338 0.0168491
v -0.0506961 0.0161205 0.1815925
v -0.0625394 0.0138153 0.1832605
v -0.0507010 0.0400174 0.0200879
v -0.1010303 -0.0061484 0.0214680
v -0.1131733 0.0568876 0.2426684
v -0.0771055 -0.0412710 0.0192724
v -0.0865355 -0.0489066 0.0162390
v -0.0973769 -0.0736309 0.0152756
v -0.1265328 -0.0042104 0.2341930
v -0.0544626 0.0329879 0.0172981
v -0.0567730 0.0253872 0.0183068
v -0.1326188 0.0035867 0.1387089
v -0.0973456 -0.0121151 0.0246551
v -0.1172554 0.0257874 0.2374243
v -0.0753468 -0.0502252 0.0252750
v -0.0913282 -0.0599866 0.0208440
v -0.0920652 -0.0722458 0.0237655
v -0.0934762 -0.0789480 0.0204480
v -0.0869105 0.0052632 0.0228992
v -0.0928841 -0.0039686 0.0244994
v -0.0908989 -0.0173807 0.0264801
v -0.1484073 -0.0460141 0.2311145
v -0.0805883 -0.0567306 0.0253931
v -0.0809530 -0.0627799 0.0279992
v -0.0454398 0.0121505 0.2811171
v -0.1456822 -0.0712836 0.2102384
v -0.1516028 -0.0533672 0.1937730
v -0.1509617 -0.0625034 0.1886411
v -0.0343146 0.0563205 0.0154501
v -0.1467991 -0.0143510 0.1665501
v -0.0834318 -0.0034249 0.0288626
v -0.1098471 0.0401356 0.2257488
v -0.0711796 -0.0383726 0.0242983
v -0.0852287 -0.0713448 0.0279560
v -0.0814412 -0.0113243 0.2509520
v -0.1283183 0.0010380 0.1519335
v -0.0702080 -0.0418426 0.0256001
v -0.0700601 -0.0462941 0.0305375
v -0.1217008 0.0301983 0.2465602
v -0.0412329 0.0312946 0.0287643
v -0.1241522 -0.0109752 0.2403402
v -0.0816708 -0.0122217 0.0342511
v -0.0716509 -0.0610935 0.0342692
v -0.0723974 -0.0709352 0.0317380
v -0.1134052 0.0865836 0.2708387
v -0.0752414 0.0088374 0.0290730
v -0.0710255 -0.0519714 0.0355707
v -0.1246598 0.0680124 0.2681314
v 0.0524231 0.0166582 0.1804057
v -0.0318314 0.0348828 0.1513326
v -0.0286668 0.0358139 0.0326145
v 0.1255946 -0.0090287 0.0730289
v 0.1006509 0.0109790 0.1527242
v -0.0764943 0.0048923 0.0389351
v -0.0801958 0.0000638 0.0327111
v -0.0669810 -0.0373296 0.0315979
v -0.0675903 -0.0413483 0.0332465
v -0.0701748 -0.0604111 0.0400493
v -0.1017689 0.1079328 0.2640725
v -0.0269429 0.0323523 0.0376122
v 0.0153825 0.0380864 0.1562334
v -0.0805387 -0.0076791 0.0422488
v -0.0318968 0.0202549 0.2885975
v -0.0244192 0.0413516 0.0359306
v -0.0291663 0.0247736 0.0369826
v -0.0777479 0.0037021 0.0473677
v -0.0682321 -0.0425063 0.0410272
v -0.1441507 -0.0431732 0.2367889
v -0.1207061 0.0927352 0.2809735
v -0.1235555 0.0606517 0.2618128
v -0.0214918 0.0472948 0.0414431
v -0.0753273 -0.0236537 0.0441149
v -0.1404828 -0.0048232 0.1945786
v -0.1464187 -0.0148441 0.1989616
v -0.1508652 -0.0338613 0.1973080
v -0.0636799 0.0071183 0.2628495
v -0.0745330 0.0121984 0.0533187
v -0.0812682 -0.0204519 0.0487670
v -0.1399894 -0.0121152 0.2104138
v -0.1523790 -0.0428386 0.1952461
v -0.1489640 -0.0523773 0.1996379
v 0.0772300 0.0170306 0.1688107
v -0.0256942 0.0396226 0.0496085
v -0.0289791 0.0257757 0.0438171
v -0.0844043 -0.0082282 0.0518692
v -0.1468834 -0.0312983 0.2049199
v -0.0895388 0.1203583 0.2750975
v -0.0985403 0.1142881 0.2645564
v -0.0154799 0.0344539 0.2935173
v 0.0013365 0.0490744 0.2993770
v -0.0280188 0.0326700 0.0473961
v 0.0545286 0.0487979 0.1257609
v -0.0813833 -0.0008428 0.0524603
v -0.1446929 -0.0549056 0.2064100
v 0.0423429 0.0400302 0.1412380
v -0.1471541 -0.0651653 0.1984498
v -0.1479909 -0.0441251 0.2105047
v -0.1548754 -0.0474029 0.1857084
v -0.1470738 -0.0792776 0.1957966
v -0.0565652 0.0201388 0.1777689
v 0.0562960 0.0430485 0.1298875
v -0.0448558 0.0408254 0.1317693
v -0.0974190 0.1082005 0.2505465
v -0.1212190 0.0385091 0.2586103
v -0.0635600 0.0020512 0.2671842
v -0.1202458 0.0151571 0.2404279
v -0.1019011 0.1049642 0.2480965
v 0.1394128 -0.0019778 0.0638609
v -0.0245096 0.0468365 0.0555682
v -0.0285338 0.0425021 0.0635177
v 0.0820994 0.0336277 0.1387230
v -0.0773473 -0.0057527 0.2544043
v -0.0996857 0.1106853 0.2542175
v -0.1228006 0.0449994 0.2548643
v -0.0030414 0.0192213 0.1727725
v 0.0770259 0.0271622 0.1525268
v -0.1031653 0.1054176 0.2530050
v -0.0172912 0.0587294 0.0538171
v -0.0194807 0.0603297 0.0635680
v -0.0232514 0.0528770 0.0577992
v -0.0316115 0.0279060 0.0559292
v -0.1081446 0.0129127 0.1656328
v -0.1059610 0.0958365 0.2521714
v -0.0270497 0.0523099 0.0687894
v -0.0323547 0.0337710 0.0661304
v 0.0606670 0.0401586 0.1385078
v 0.1224170 -0.0048953 0.0729177
v 0.0292002 0.0363173 0.1577176
v -0.1104570 -0.0015549 0.0674932
v -0.1237992 0.0824409 0.2796782
v -0.1328239 -0.0114257 0.2348426
v -0.1412781 -0.0077950 0.2008975
v 0.0862960 0.0433034 0.1025245
v -0.1162030 0.0015709 0.0742387
v -0.0755527 0.0411974 0.1165259
v -0.1128850 0.0684070 0.2380266
v -0.1155019 0.0921020 0.2777748
v -0.0237614 0.0582203 0.0699670
v 0.0683458 0.0399754 0.1383207
v -0.1289148 -0.0172041 0.0794504
v -0.1163646 0.0349489 0.2415559
v -0.1495130 -0.0242763 0.1973253
v 0.0319510 0.0611126 0.1237302
v -0.1216376 0.0076527 0.0813983
v -0.1261176 -0.0090840 0.0789101
v -0.1296549 -0.0253234 0.0803412
v -0.1137586 0.0374726 0.2291197
v -0.1490196 -0.0355401 0.2303718
v -0.1481003 -0.0326181 0.2259123
v -0.1034878 0.1113758 0.2836602
v -0.0209079 0.0395593 0.1483490
v 0.0764872 0.0028633 0.1788765
v -0.1245224 -0.0013096 0.0808486
v -0.1305270 -0.0065231 0.0853873
v -0.1338731 -0.0209172 0.0869437
v -0.1468114 -0.0290702 0.2323555
v 0.0352964 0.0316742 0.1668005
v -0.1155551 0.0542960 0.2366808
v -0.0245749 0.0637089 0.0792493
v -0.0287680 0.0576797 0.0813791
v -0.0316132 0.0467331 0.0773112
v -0.1275520 0.0029759 0.0866156
v -0.1453820 -0.0279770 0.2212516
v -0.1211768 0.0057086 0.2265285
v -0.1121923 0.0652188 0.2500992
v 0.0478693 0.0336913 0.1627646
v -0.0354052 0.0417463 0.0856600
v -0.1341815 -0.0075903 0.0949791
v -0.1338809 -0.0123347 0.0878805
v -0.1388092 -0.0240708 0.0952615
v -0.1385230 -0.0318816 0.0932622
v -0.1294855 -0.0564546 0.0893013
v 0.0869323 0.0180191 0.1587722
v -0.1184828 0.0398409 0.2466614
v -0.1464242 -0.0345055 0.2350669
v -0.1087130 0.0877210 0.2601025
v -0.0328219 0.0524167 0.0871464
v -0.1129262 0.0244999 0.0933677
v -0.1249719 0.0110251 0.0934977
v -0.1384690 -0.0420854 0.0986914
v -0.1350708 -0.0473609 0.0948599
v -0.1091029 0.0813662 0.2479419
v -0.1134969 0.0675768 0.2558165
v 0.0670652 0.0310401 0.1532246
v -0.0283575 0.0626330 0.0874417
v -0.0911185 0.1199720 0.2842965
v -0.0015757 0.0314101 0.1632264
v -0.1311081 0.0018078 0.0951526
v -0.1235578 0.0062062 0.2144026
v -0.0242622 0.0670996 0.0918952
v -0.0288514 0.0613646 0.0942262
v -0.0329174 0.0512921 0.0926433
v -0.0557948 0.0264517 0.1692307
v -0.1258475 0.0145217 0.1018533
v -0.1364843 -0.0028447 0.1010357
v -0.1399528 -0.0278381 0.1020897
v -0.1397493 -0.0333487 0.0987300
v -0.1366125 -0.0543589 0.1037532
v -0.1203515 0.0199013 0.0992719
v -0.1319528 0.0057374 0.1002618
v -0.1387609 -0.0157278 0.0985443
v -0.1487216 -0.0343478 0.2162873
v -0.1156776 0.0113009 0.2213697
v -0.1332970 0.0003746 0.2012660
v -0.1180094 0.0367624 0.2360895
v -0.1162483 0.0357949 0.2388603
v -0.0710289 0.0185961 0.1765929
v -0.0278681 0.0580133 0.1042551
v -0.0315811 0.0552004 0.0972853
v -0.1393096 -0.0048333 0.1072810
v 0.0085964 0.0417204 0.1460882
v -0.1435717 -0.0227560 0.2255174
v -0.1376195 -0.0161962 0.2276503
v -0.1414224 -0.0233049 0.2346301
v -0.0866271 -0.0928152 0.0045009
v -0.1429684 -0.0192058 0.1071382
v -0.1440251 -0.0314531 0.1089310
v -0.1424021 -0.0339334 0.1066529
v -0.1403822 -0.0478419 0.1062894
v -0.1156200 0.0253447 0.2279563
v -0.0358158 0.0456045 0.1014718
v -0.1363298 0.0030136 0.1133251
v -0.1425829 -0.0126980 0.1088832
v -0.1493809 -0.0475545 0.2242636
v -0.1551608 -0.0388087 0.1770784
v -0.0247291 0.0643336 0.1041869
v -0.0275156 0.0521013 0.1106518
v -0.1219411 0.0203896 0.1090897
v -0.1278565 0.0126006 0.1098083
v -0.1329451 0.0083006 0.1123534
v -0.1451974 -0.0262911 0.1124780
v -0.1457968 -0.0305495 0.2128251
v -0.1206698 0.0081646 0.2364245
v -0.0686428 0.0023281 0.2608825
v -0.1392859 -0.0000272 0.1887488
v -0.1056112 0.0973773 0.2432153
v -0.1409303 -0.0114118 0.1176201
v -0.1445725 -0.0241397 0.1181542
v -0.1456247 -0.0386246 0.1165998
v -0.1318649 -0.0055058 0.2173371
v -0.1116367 0.0189742 0.2207627
v -0.1217544 0.0705546 0.2656198
v 0.0034439 0.0656346 0.1211269
v -0.1085145 0.0885570 0.2429377
v -0.1510638 -0.0213179 0.1838777
v -0.1184934 0.0242863 0.1154745
v -0.1322856 0.0093713 0.1199834
v 0.0127777 0.0645697 0.1225847
v -0.0250623 0.0286893 0.1629246
v -0.0408365 0.0273461 0.1652849
v 0.0087402 0.0446450 0.1391201
v 0.0469019 0.0628916 0.1096890
v 0.0207760 0.0666353 0.1191524
v 0.0652003 0.0198312 0.1733312
v 0.0918055 0.0285368 0.1383501
v 0.1177614 0.0020811 0.0603613
v 0.0910462 0.0319947 0.1292864
v -0.0063753 0.0437858 0.1389663
v 0.1010967 0.0342609 0.1006883
v -0.0037714 0.0374974 0.3071925
v 0.0464310 0.0295655 0.1692036
v 0.1462104 -0.0083050 0.0689398
v 0.0228783 0.0362266 0.1591880
v 0.1251388 -0.0005668 0.0626576
v 0.0134183 0.0524627 0.1298593
v -0.0873170 0.0197091 0.1685129
v 0.0594679 0.0249587 0.1711450
v 0.0640714 0.0458743 0.1233558
v -0.0281859 0.0469080 0.0282181
v -0.0019324 0.0430985 0.3048469
v 0.0075302 0.0373223 0.1534571
v -0.1088131 -0.0045444 0.0106171
v 0.0694096 0.0324585 0.1459542
v -0.0336470 0.0208549 0.1702085
v -0.0662137 0.0258049 0.1691666
v 0.0202244 0.0277185 0.1683442
v 0.0026971 0.0465917 0.3053520
v -0.0276078 0.0572477 0.0094769
v 0.0071595 0.0520389 0.3013438
v -0.0621189 0.0319642 0.1566546
v 0.0074020 0.0703185 0.1149521
v -0.0926347 -0.0089461 0.2419088
v -0.0766795 0.0323455 0.1544320
v 0.0114065 0.0530849 0.2974465
v -0.0195378 0.0552275 0.0027917
v 0.0203207 0.0440386 0.1378442
v -0.0803928 -0.0042049 0.2482343
v 0.0717531 0.0467804 0.1171412
v 0.0605462 0.0106723 0.1819979
v -0.0098610 0.0456137 0.1302219
v -0.0006843 0.0468487 0.1295149
v -0.0837962 -0.0016840 0.2361464
v 0.0407282 0.0059345 0.1886977
v 0.0165260 0.0457021 0.1332424
v 0.0092560 0.0551223 0.2959020
v -0.0886279 -0.0049997 0.2395042
v -0.0255412 0.0243511 0.1676774
v 0.0946602 0.0133721 0.1578241
v -0.0298282 0.0583180 0.0036231
v 0.0062177 0.0532528 0.2916941
v 0.0568417 0.0297713 0.1643794
v -0.0903871 0.0002594 0.2339613
v 0.1069680 0.0166972 0.1353914
v 0.1306253 -0.0150010 0.0769964
v 0.0326683 0.0242211 0.1730732
v 0.0670943 0.0512544 0.1136279
v 0.0475665 0.0466006 0.1288601
v -0.0528537 0.0205435 0.0259271
v 0.0168875 0.0334796 0.1608720
v 0.0088912 0.0299738 0.1645355
v 0.1272689 -0.0232790 0.0821082
v 0.0842383 0.0241593 0.1520345
v -0.0513190 0.0293761 0.1612496
v 0.1490893 -0.0082555 0.0617169
v -0.0858210 0.0159898 0.0064716
v 0.0271843 0.0400477 0.1526420
v 0.0876415 0.0415841 0.0560914
v 0.0478060 0.0394620 0.1372232
v -0.0428514 0.0116515 0.1827105
v 0.0854831 0.0134388 0.1649270
v -0.0889959 0.0156433 0.0012004
v -0.0853333 0.0007771 0.2282791
v 0.0546132 0.0412190 0.1351540
v 0.0997627 0.0225744 0.1388676
v 0.0586357 0.0368319 0.1429076
v 0.0797760 0.0414214 0.1213974
v 0.0967108 0.0334085 0.1183695
v 0.0461446 0.0415938 0.1332207
v -0.0482345 0.0328852 0.0256436
v 0.1044147 0.0210179 0.1297777
v 0.0524272 0.0228755 0.1758380
v 0.1410704 -0.0166020 0.0774547
v 0.0848407 0.0070662 0.1710144
v -0.0427005 0.0507880 0.0183332
v -0.0228248 0.0330038 0.1557373
v -0.0869072 0.0045812 0.2201820
v 0.0716338 0.0356662 0.1414290
v 0.0486893 0.0602863 0.1167643
v 0.0194478 0.0197288 0.1782024
v -0.0044950 0.0521598 0.1265243
v -0.0003068 0.0410060 0.1467851
v 0.0322539 0.0427155 0.1357975
v 0.0155641 0.0125824 0.1839606
v -0.1026723 0.1146321 0.2935223
v -0.0136004 0.0281548 0.1636764
v -0.0860624 0.0102938 0.0190845
v 0.1398481 0.0027708 0.0514248
v -0.0402637 0.0564283 0.0076147
v -0.0788303 0.0026054 0.2161843
v 0.1069918 0.0129243 0.1408569
v -0.0381701 0.0182809 0.1742007
v 0.0148861 0.0732251 0.1042475
v -0.0866547 0.0157582 0.1742278
v -0.0460856 0.0201406 0.1765223
v 0.0902444 0.0222468 0.1503591
v 0.0298533 0.0313388 0.1652782
v 0.1108963 0.0220994 0.1137067
v 0.0301282 0.0656209 0.1178883
v 0.1336016 0.0039300 0.0566241
v 0.1453179 -0.0043807 0.0592203
v 0.0745230 0.0232076 0.1637074
v 0.0032683 0.0259310 0.1693615
v -0.1081191 -0.0707902 0.0764203
v 0.0789481 0.0468510 0.1066121
v 0.1043177 0.0312181 0.1082778
v 0.0704018 0.0123608 0.1763102
v -0.0172518 0.0554097 0.0162420
v 0.0171830 0.0586196 0.1269549
v -0.0800213 0.0193326 0.0011479
v -0.0355773 0.0512458 0.0228899
v -0.0469034 0.0243482 0.1699506
v 0.0663740 0.0279938 0.1614469
v 0.1188706 0.0039167 0.0549949
v -0.0677744 0.0217616 0.0052717
v 0.0482894 0.0563664 0.1224191
v -0.0058134 0.0662738 0.1192347
v 0.0094339 0.0164242 0.1777846
v 0.1312118 -0.0063906 0.0703156
v 0.0274261 0.0518063 0.1302050
v -0.0727976 0.0003161 0.2068579
v -0.0609801 -0.0063818 0.1945071
v 0.0425303 0.0248628 0.1742808
v 0.0288300 0.0177649 0.1792107
v -0.0160667 0.0473242 0.1251161
v -0.0509938 0.0515072 0.0059838
v -0.0751765 0.0049841 0.2014984
v -0.0674788 -0.0008256 0.2001332
v 0.0388081 0.0538141 0.1272853
v 0.0179674 0.0008861 0.1898242
v 0.0466223 -0.0048576 0.1934503
v 0.1030857 0.0283092 0.1179483
v -0.1019754 0.1133821 0.2951778
v -0.0338308 0.0331569 0.1564313
v 0.0425261 0.0158583 0.1819459
v -0.0131403 0.0610636 0.1201855
v -0.0643641 -0.0003541 0.1930130
v 0.0320367 0.0034980 0.1898584
v 0.0385921 0.0642569 0.1131152
v 0.0485107 0.0361085 0.1573358
v 0.0911823 0.0377404 0.1157147
v -0.0735803 0.0116941 0.1821490
v -0.0618873 0.0226260 0.1746886
v -0.0056325 0.0160975 0.1755839
v -0.0964947 0.1165172 0.2933830
v -0.0698083 0.0205269 0.0086407
v -0.0706485 0.0052374 0.1919966
v -0.0570689 -0.0061638 0.1912299
v 0.0275058 -0.0008624 0.1917891
v 0.0480259 0.0074147 0.1878392
v 0.0569386 0.0033702 0.1878031
v 0.1397128 -0.0092583 0.0728177
v -0.0924423 0.1177871 0.2896190
v 0.0900096 0.0383961 0.0621825
v 0.1024003 0.0174498 0.1434600
v 0.0955504 0.0191169 0.1492050
v -0.0643688 0.0289334 0.1630104
v -0.0320434 0.0088176 0.1794100
v -0.0679857 0.0066366 0.1877297
v -0.0370033 0.0033085 0.1843563
v 0.1465105 -0.0128383 0.0733030
v 0.0011191 0.0042999 0.1836435
v -0.0003408 0.0361728 0.1557959
v -0.0745762 0.0180894 0.0129624
v -0.0347810 0.0416030 0.0284280
v 0.0609982 0.0498554 0.1212284
v 0.0353600 0.0457113 0.1318699
v -0.0593189 0.0067686 0.1878791
v -0.0498710 0.0053484 0.1871520
v -0.0084010 0.0092380 0.1796729
v 0.0093391 0.0074016 0.1848514
v 0.0248355 0.0108990 0.1862151
v 0.0364171 0.0435304 0.0029640
v 0.0039076 0.0491438 0.0035419
v -0.0091990 0.0529176 0.0029902
v 0.0576184 0.0404715 0.0053238
v 0.0412498 0.0447562 0.0056584
v -0.0686791 0.0411902 0.1266352
v -0.0760266 0.0398507 0.1296050
v -0.0215941 0.0333408 0.2729965
v 0.0603197 0.0419927 0.0121548
v 0.0423839 0.0453406 0.0107489
v 0.0199044 0.0473542 0.0062891
v 0.0070395 0.0497836 0.0087992
v -0.0617455 0.0236024 0.0056333
v -0.0575802 0.0345933 0.1504765
v -0.0665913 0.0340090 0.1532185
v -0.0979333 0.0114146 0.0063391
v -0.0133117 0.0346457 0.2698945
v 0.0244164 0.0478257 0.0102091
v -0.0163083 0.0553054 0.0082821
v 0.0916155 -0.0024505 0.0081164
v 0.0177062 0.0488225 0.0163798
v -0.0000076 0.0521307 0.0129076
v -0.0967123 0.0123697 0.2140907
v -0.0605602 0.0207397 0.0148014
v -0.1033412 0.0069115 0.0083554
v 0.1082537 -0.0012830 0.0138190
v 0.1042997 0.0026150 0.0159141
v 0.0439641 0.0451313 0.0164726
v 0.0709213 0.0412546 0.1340157
v -0.0874216 0.0310846 0.1483690
v -0.0911487 0.0118080 0.0136922
v 0.0845139 0.0050503 0.0123678
v 0.0331434 0.0472488 0.0201899
v 0.0173823 0.0492801 0.0202781
v -0.0011249 0.0523304 0.0198748
v -0.0192333 0.0534195 0.0227480
v 0.0412129 0.0374076 0.1522866
v -0.0828647 0.0382321 0.1247808
v -0.0986447 0.0025078 0.0180825
v -0.0883198 0.0350313 0.1217461
v 0.0963045 0.0063490 0.0186986
v -0.0334818 -0.1011799 0.0060852
v 0.0681056 0.0431344 0.0220712
v 0.0548753 0.0468523 0.0217231
v 0.0423686 0.0505780 0.0250134
v 0.0170987 0.0538821 0.0236974
v 0.0021032 0.0527556 0.0234877
v 0.0915807 0.0093726 0.0227957
v 0.0499373 0.0473575 0.0235061
v 0.0316742 0.0516166 0.0241565
v 0.0301933 0.0568579 0.0290384
v -0.0294717 0.0531588 0.0228808
v -0.0336393 0.0190497 0.2472294
v -0.0679024 0.0170374 0.0196192
v 0.1073818 0.0092114 0.0281064
v 0.0835513 0.0110340 0.0186892
v 0.0827248 0.0363455 0.0301391
v 0.0615281 0.0464130 0.0245583
v 0.0603523 0.0501030 0.0306606
v 0.0410618 0.0550519 0.0296560
v 0.0160106 0.0567633 0.0275137
v 0.0060925 0.0614869 0.0371301
v -0.0088017 0.0529026 0.0267142
v 0.1129871 0.0060548 0.0247172
v 0.1008548 0.0097809 0.0308355
v -0.0971042 0.0306403 0.1319892
v 0.0361736 0.0577149 0.0341673
v 0.0172405 0.0591428 0.0330916
v -0.0007687 0.0564839 0.0298210
v -0.0184989 0.0492990 0.0287850
v -0.1358940 -0.0819768 0.1549670
v -0.0690337 0.0128621 0.0299414
v -0.1314130 0.0063593 0.1887097
v 0.1109274 0.0103820 0.0367933
v -0.1176863 0.0208552 0.1322809
v 0.0741689 0.0467908 0.0360984
v 0.0454872 0.0552387 0.0353533
v -0.0174566 0.0507694 0.0363454
v -0.0375253 0.0227301 0.0321998
v -0.0520380 0.0176750 0.2578036
v -0.0975872 0.1180094 0.2867142
v -0.0347022 0.0236251 0.2822559
v 0.1209463 0.0089687 0.0337245
v -0.0670848 0.0073855 0.2443239
v 0.0845284 0.0403820 0.0414594
v 0.0538996 0.0525012 0.0319171
v -0.0104864 0.0572712 0.0406240
v -0.0321510 0.0187773 0.0367553
v -0.0416276 0.0202523 0.0324695
v -0.0479013 0.0195724 0.0319702
v -0.0591703 0.0171720 0.0283817
v 0.1225463 0.0096656 0.0399860
v 0.1000112 0.0114765 0.0354413
v 0.0649567 0.0497956 0.0357385
v 0.0472683 0.0581223 0.0434203
v 0.0378849 0.0596688 0.0444056
v 0.0347857 0.0580277 0.0391359
v 0.0263037 0.0599159 0.0371380
v 0.0147509 0.0643080 0.0441984
v -0.0050043 0.0648394 0.0498495
v -0.0885685 0.0114498 0.2011238
v -0.0530195 0.0198042 0.0447137
v -0.0885611 0.1153841 0.2700755
v 0.1287494 0.0072601 0.0392873
v -0.0412061 0.0334866 0.1564155
v 0.0735450 0.0512165 0.0422194
v 0.0443950 0.0588075 0.0501651
v 0.0123928 0.0638067 0.0406058
v -0.0363966 0.0176948 0.0380631
v -0.0593425 0.0166600 0.0360087
v -0.1022907 0.0160215 0.1632721
v -0.1084964 0.0863585 0.2366218
v 0.0218192 0.0454489 0.0029812
v 0.0672843 0.0535691 0.0445113
v 0.0550221 0.0565350 0.0427752
v 0.0312346 0.0637218 0.0523848
v 0.0231348 0.0626804 0.0447779
v -0.0698117 0.0118094 0.0383415
v -0.0716527 0.0149134 0.0534875
v -0.1115972 0.0258690 0.1289254
v 0.1222625 0.0090725 0.0450360
v 0.1105268 0.0093645 0.0432696
v 0.1112772 0.0075170 0.0490165
v 0.0151969 0.0658742 0.0524203
v -0.0369251 0.0180901 0.0439698
v -0.0430729 0.0188106 0.0424071
v -0.0018551 -0.1074445 0.0059791
v 0.1336130 0.0062424 0.0495916
v 0.1258679 0.0065539 0.0519576
v 0.0638206 0.0542915 0.0530397
v 0.0542248 0.0569905 0.0485731
v 0.0213293 0.0663917 0.0539136
v 0.0089636 0.0675370 0.0521928
v 0.0046662 0.0707317 0.0596720
v -0.0597005 0.0212717 0.0530819
v -0.0795442 0.0113771 0.1830055
v -0.1248750 0.0083490 0.1745084
v -0.1250696 0.0092352 0.1846130
v 0.0782800 0.0490282 0.0503845
v 0.0488541 0.0592717 0.0575967
v 0.0402203 0.0619621 0.0543137
v -0.0000238 0.0688587 0.0559505
v -0.0313838 0.0212095 0.0477927
v -0.0346165 0.0231063 0.0563331
v -0.0341940 0.0190951 0.0474507
v -0.0436472 0.0200115 0.0500066
v -0.0564168 0.0237809 0.0588479
v -0.0801920 0.0082541 0.2013748
v -0.0561078 0.0143463 0.2483206
v -0.1236191 -0.0266215 0.0727137
v -0.0138600 0.0446728 0.1371231
v -0.0226459 0.0441603 0.1320448
v -0.0665534 0.0042839 0.2333530
v -0.0324968 0.0438529 0.1253172
v 0.0726408 0.0515849 0.0575295
v -0.0441294 0.0382828 0.1400797
v -0.0643059 0.0174418 0.0459622
v -0.0743861 -0.0007813 0.2233731
v -0.0574611 0.0404590 0.1304217
v -0.0682219 0.0402388 0.1348914
v 0.0800917 0.0470960 0.0589851
v 0.0530826 0.0592827 0.0597628
v 0.0318677 0.0659819 0.0625193
v 0.0165472 0.0687010 0.0614035
v -0.0633030 0.0230598 0.0629882
v -0.0710503 0.0355425 0.1456963
v -0.0769307 0.0367942 0.1377336
v -0.0844840 0.0354459 0.1314644
v -0.0820935 0.0340515 0.1420699
v -0.0206269 0.0340778 0.2800431
v 0.0792640 0.0495950 0.0675651
v 0.0626381 0.0567114 0.0625911
v 0.0565427 0.0588023 0.0685629
v -0.0018787 0.0723146 0.0659217
v -0.0965195 0.0131800 0.2024421
v -0.1180586 0.0086180 0.2182921
v -0.0491247 0.0226275 0.0566747
v -0.0786958 0.0085082 0.0572431
v -0.0906522 0.0060405 0.0590907
v -0.0409850 0.0242541 0.2623811
v -0.0060378 0.0322179 0.2635899
v 0.0461762 0.0621261 0.0642327
v 0.0217499 0.0688670 0.0724313
v 0.0125227 0.0700341 0.0693984
v -0.0371714 0.0278697 0.0670349
v -0.0743890 0.0156510 0.0626774
v -0.0941046 0.0108787 0.0645446
v -0.0942417 0.0140989 0.1888849
v -0.0202814 -0.1097037 0.0057681
v 0.0728373 0.0537122 0.0674148
v 0.0581504 0.0601063 0.0732679
v 0.0444530 0.0624610 0.0698959
v 0.0247832 0.0667405 0.0666384
v -0.0102227 0.0700715 0.0676896
v -0.0576863 0.0115939 0.2427390
v -0.0697469 0.0212407 0.0671013
v -0.0826104 0.0170887 0.0663319
v -0.0803845 0.0014806 0.2196372
v -0.1277022 0.0058795 0.1957971
v -0.0794886 0.0094029 0.1904188
v 0.0691162 0.0558093 0.0736771
v 0.0465961 0.0640506 0.0749837
v 0.0351166 0.0659251 0.0742689
v 0.0071281 0.0728350 0.0719856
v -0.1011815 0.0144603 0.1711937
v -0.0426390 0.0246583 0.0617246
v 0.0373055 0.0365885 0.1594671
v -0.1183016 -0.0392359 0.0697412
v 0.0135960 0.0723227 0.0787430
v -0.0023521 0.0738878 0.0746275
v -0.0124720 0.0731453 0.0789569
v -0.0186402 0.0679031 0.0757550
v -0.1034708 0.0126093 0.2119875
v -0.0369261 0.0330237 0.0755353
v -0.0495164 0.0305482 0.0729480
v -0.0720635 0.0267299 0.0739978
v -0.1003577 0.0106189 0.0686780
v 0.0131111 0.0560777 0.2913165
v -0.1169453 0.0130483 0.1870020
v -0.1411198 -0.0870990 0.1583663
v 0.0511006 0.0637964 0.0820031
v -0.0948990 0.1110829 0.2543005
v -0.0551080 0.0327489 0.0801444
v -0.0579252 0.0288576 0.0722906
v -0.0623149 0.0292140 0.0784860
v -0.0820453 0.0258329 0.0724760
v -0.1105432 0.0119429 0.0764763
v 0.0845459 0.0468771 0.0815890
v 0.0650395 0.0564955 0.0809127
v 0.0432428 0.0661049 0.0809280
v 0.0290943 0.0687744 0.0812426
v 0.0188330 0.0714477 0.0829992
v -0.0068507 0.0750886 0.0875904
v -0.0344324 0.0386463 0.0776025
v -0.0433867 0.0320044 0.0790797
v -0.0951851 0.0276707 0.0796327
v -0.0953613 0.0215235 0.0737747
v -0.0141087 0.0260084 0.2566906
v 0.0778089 0.0508003 0.0787852
v 0.0646647 0.0562139 0.0865739
v 0.0567481 0.0597677 0.0831211
v 0.0041369 0.0739813 0.0886815
v 0.0015624 0.0747288 0.0819776
v -0.0686072 0.0294861 0.0795439
v -0.0823791 0.0320446 0.0814358
v -0.1056167 0.0188689 0.0780458
v -0.1183922 0.0101154 0.1676826
v -0.0423753 0.0369515 0.1484291
v 0.0549924 0.0610191 0.0931784
v 0.0229133 0.0719539 0.0899292
v -0.0185640 0.0705604 0.0857826
v -0.0447221 0.0181610 0.2477777
v -0.0976197 0.0305001 0.0851200
v -0.1067552 0.0246784 0.0847267
v -0.1149827 0.0157076 0.0830167
v -0.0932578 0.1198243 0.2771077
v 0.0949698 0.0385562 0.0848537
v 0.0722100 0.0524880 0.0914357
v 0.0164016 0.0728104 0.0920775
v -0.0128002 0.0737730 0.0865370
v -0.0426356 0.0342887 0.0861802
v -0.0548623 0.0350531 0.0887283
v -0.0684510 0.0333738 0.0848101
v -0.1075902 0.0145258 0.1932966
v 0.0898953 0.0418649 0.0909707
v 0.0488032 0.0644291 0.0922718
v 0.0435005 0.0658195 0.0894545
v 0.0018833 0.0753712 0.0957311
v -0.0034042 0.0750214 0.1000877
v -0.1258787 0.0052964 0.2055371
v -0.0283604 0.0294823 0.2660931
v -0.0378996 0.0357480 0.0878967
v -0.0642895 0.0361514 0.0915727
v -0.0765317 0.0365110 0.0895784
v 0.0810120 0.0479002 0.0938808
v 0.0581082 0.0585431 0.1003134
v 0.0373100 0.0666770 0.1027856
v 0.0331829 0.0685642 0.0912828
v 0.0327458 0.0697613 0.0992947
v 0.0247797 0.0719345 0.0989890
v -0.0328046 0.0382952 0.1449664
v -0.0448139 0.0381420 0.0964728
v -0.0871108 0.0357511 0.0929332
v -0.0499437 0.0386659 0.1413341
v 0.0111920 0.0739792 0.0988266
v -0.0127630 0.0736583 0.0967740
v -0.0208664 0.0702413 0.0945419
v -0.0373404 0.0416518 0.0937921
v -0.0561284 0.0379470 0.0973958
v -0.0676958 0.0397318 0.0980189
v -0.0774452 0.0397076 0.0972552
v -0.1425792 -0.0400323 0.1561097
v -0.1104721 -0.0937228 0.1555583
v -0.0331196 0.0278980 0.2731279
v -0.1000780 -0.0461537 0.0577410
v 0.0950611 0.0370809 0.0973380
v 0.0660486 0.0549040 0.1063608
v -0.1061112 0.0266957 0.1339578
v -0.0940723 0.0348177 0.0968092
v -0.1022296 0.0312564 0.0936726
v -0.0579042 0.0133561 0.2602151
v 0.0570551 0.0587202 0.1094216
v 0.0482670 0.0626588 0.1039400
v 0.0267287 0.0699220 0.1074358
v -0.0203282 0.0697235 0.1024256
v -0.0395067 0.0421524 0.1040324
v -0.0439822 0.0408352 0.1038654
v -0.0817539 0.0391966 0.1059167
v -0.0915636 0.0353386 0.1061891
v -0.1091907 0.0141888 0.1827769
v 0.0632031 0.0426858 0.1314818
v -0.0087257 0.0409542 0.2832370
v 0.0039515 0.0736341 0.1079777
v -0.0129715 0.0690545 0.1123361
v -0.0695913 0.0402019 0.1022441
v -0.1053621 0.0313968 0.1047129
v -0.1082344 0.0199932 0.1484969
v 0.0938906 0.0378163 0.1059680
v -0.0775562 0.0262920 0.1647538
v 0.0174038 0.0701044 0.1115402
v -0.1288126 -0.0012340 0.1575018
v -0.0039443 0.0709834 0.1130761
v -0.0086008 0.0726981 0.1065753
v -0.0180198 0.0671645 0.1111792
v -0.0643696 0.0406343 0.1148635
v -0.0381497 0.0586904 0.0029520
v -0.0327288 0.0564438 0.0006131
v -0.0183280 0.0496422 0.0003740
v 0.0001649 0.0462508 0.0006233
v 0.0229027 0.0422009 0.0010580
v 0.0465687 0.0387099 0.0019860
v 0.0615007 0.0342257 0.0031600
v -0.0513320 0.0515213 0.0017782
v -0.0328822 0.0504389 0.0005575
v 0.0461627 0.0345285 0.0017316
v -0.0549316 0.0408288 0.0007273
v -0.0137429 0.0434355 0.0006619
v 0.0104828 0.0391085 0.0011909
v 0.0295187 0.0356621 0.0015079
v 0.0370648 0.0302157 0.0023193
v -0.0210321 0.0397075 0.0012201
v 0.0068578 0.0350474 0.0021232
v 0.0527775 0.0278481 0.0018144
v 0.0036369 0.0329848 0.0051564
v 0.0289051 0.0288595 0.0052063
v 0.0381089 0.0265679 0.0062231
v -0.0367983 0.0380166 0.0010704
v -0.0185509 0.0358103 0.0052372
v 0.0501481 0.0222974 0.0046904
v 0.0545473 0.0195257 0.0028852
v 0.0617108 0.0259915 0.0023669
v -0.0403410 0.0270156 0.0047607
v 0.0286561 0.0253181 0.0102175
v -0.0453638 0.0442249 0.0006364
v -0.0485830 0.0209951 0.0014120
v -0.0295796 0.0354083 0.0045847
v -0.0065726 0.0314416 0.0095289
v 0.0113735 0.0282927 0.0099806
v 0.0425045 0.0229153 0.0088104
v 0.0653410 0.0029333 0.0022325
v -0.0621440 0.0278365 0.0016726
v -0.0614433 0.0226092 0.0006454
v -0.0332147 0.0293164 0.0085541
v -0.0221029 0.0314208 0.0102087
v 0.0165869 0.0230016 0.0114579
v 0.0465105 0.0173297 0.0097304
v 0.0484294 0.0030234 0.0027184
v 0.0575324 0.0089143 0.0020708
v 0.0744296 0.0045614 0.0045352
v -0.0049776 0.0254052 0.0109251
v 0.0313220 0.0177627 0.0117535
v 0.0412298 0.0131655 0.0114489
v 0.0486416 0.0105229 0.0068668
v 0.0735362 0.0007970 0.0030880
v -0.0565168 0.0220550 0.0006010
v -0.0279097 0.0251015 0.0106796
v -0.0693996 0.0211650 0.0008582
v -0.0139137 0.0191865 0.0105715
v 0.0415469 0.0045927 0.0098171
v 0.0526971 -0.0064324 0.0018652
v 0.0917731 -0.0101262 0.0050000
v -0.0783304 0.0152492 0.0004598
v -0.0054470 0.0060869 0.0104104
v 0.0663269 -0.0075897 0.0021896
v 0.0762495 -0.0142888 0.0026481
v -0.0457406 0.0116795 0.0057480
v 0.0050965 0.0056061 0.0106961
v 0.0382525 -0.0076492 0.0040964
v 0.0616286 -0.0107758 0.0048076
v 0.0642456 -0.0103257 0.0058794
v 0.0811063 -0.0109771 0.0027414
v 0.0983384 -0.0170493 0.0050320
v -0.0938318 0.0130131 0.0009539
v -0.0949337 0.0072506 0.0005250
v -0.0425332 0.0116159 0.0104372
v 0.0147382 0.0119697 0.0111754
v 0.0415356 -0.0129509 0.0018004
v 0.0524585 -0.0120550 0.0054608
v 0.0933180 -0.0226699 0.0033603
v -0.0718601 0.0006235 0.0003958
v -0.0489420 0.0007602 0.0011108
v 0.0273790 0.0025588 0.0112924
v 0.0460388 -0.0160986 0.0036682
v 0.0753958 -0.0205698 0.0052742
v 0.1048120 -0.0226311 0.0064533
v -0.1005567 0.0093377 0.0010802
v 0.0319772 -0.0125443 0.0082483
v 0.0398985 -0.0265244 0.0016506
v 0.0434344 -0.0213332 0.0013942
v 0.0838616 -0.0250252 0.0024938
v 0.0900972 -0.0350334 0.0034927
v -0.1004659 -0.0575857 0.0636919
v -0.0591603 -0.0012113 0.0006105
v -0.0327268 -0.0019496 0.0097908
v -0.0305484 -0.0021578 0.0100468
v -0.0097854 -0.0120202 0.0099320
v 0.0814615 -0.0384783 0.0030334
v 0.1190382 -0.0208643 0.0133541
v -0.0836082 -0.0025667 0.0003245
v -0.0410288 -0.0121449 0.0006660
v 0.0127520 -0.0154585 0.0103771
v 0.0308206 -0.0077933 0.0107027
v 0.0329831 -0.0195214 0.0043250
v 0.0307822 -0.0288891 0.0057862
v 0.0781058 -0.0309594 0.0065666
v -0.1083236 -0.0014325 0.0020915
v -0.1045323 -0.0026048 0.0008353
v -0.0960513 -0.0086445 0.0004117
v -0.0605193 -0.0101293 0.0004037
v 0.0262092 -0.0290936 0.0097456
v 0.1005517 -0.0355339 0.0062947
v 0.1080992 -0.0326316 0.0084198
v -0.0577519 -0.0158601 0.0008073
v -0.0436785 -0.0201013 0.0012746
v 0.0145872 -0.0341413 0.0101053
v 0.0765996 -0.0393388 0.0050142
v 0.1233529 -0.0350165 0.0158620
v -0.1113480 -0.0061065 0.0059119
v -0.1093962 -0.0114053 0.0023059
v -0.0219818 -0.0188752 0.0095258
v 0.0004872 -0.0234316 0.0099729
v 0.0498087 -0.0392692 0.0030858
v 0.0807789 -0.0536754 0.0051812
v 0.1161227 -0.0445039 0.0145701
v -0.0691017 -0.0190659 0.0006914
v -0.0606086 -0.0191608 0.0044990
v 0.0307793 -0.0369641 0.0073999
v 0.0354343 -0.0342694 0.0030068
v 0.0393776 -0.0406995 0.0026725
v 0.0601584 -0.0458474 0.0021590
v 0.0622454 -0.0461864 0.0022510
v 0.0685802 -0.0470818 0.0026926
v 0.0933369 -0.0427444 0.0058976
v -0.0448440 -0.0245798 0.0060524
v -0.0270142 -0.0324128 0.0013908
v 0.0737625 -0.0590375 0.0037454
v 0.0835780 -0.0618591 0.0096092
v 0.1007683 -0.0488573 0.0100079
v 0.1316314 -0.0443189 0.0225473
v -0.0828519 -0.0731006 0.0666146
v -0.1010616 -0.0204533 0.0010929
v -0.0357847 -0.0278772 0.0010574
v -0.0260064 -0.0357062 0.0019740
v 0.0370048 -0.0453592 0.0060218
v 0.1238740 -0.0540330 0.0226509
v -0.1041530 -0.0810093 0.1538435
v -0.0817611 -0.0310806 0.0006454
v -0.0728210 -0.0309740 0.0005706
v -0.0378232 -0.0340058 0.0051832
v -0.0241230 -0.0377000 0.0041934
v -0.0195610 -0.0344106 0.0088852
v 0.0314051 -0.0438540 0.0096957
v 0.1036954 -0.0569408 0.0153479
v -0.1057709 -0.0225969 0.0023576
v -0.0744380 -0.0346960 0.0000198
v 0.0425634 -0.0525106 0.0076357
v 0.0469211 -0.0516319 0.0038095
v 0.0503666 -0.0511146 0.0028974
v 0.1113662 -0.0529531 0.0154660
v 0.0283116 -0.0532625 0.0108541
v 0.0400445 -0.0547975 0.0108169
v 0.0516033 -0.0599644 0.0071819
v 0.0599940 -0.0662620 0.0030716
v 0.0781832 -0.0692020 0.0075066
v 0.0914968 -0.0574696 0.0117200
v -0.1419469 -0.0772886 0.1570282
v -0.0021410 -0.0434864 0.0098078
v 0.0537748 -0.0646450 0.0074954
v 0.1181931 -0.0610818 0.0242715
v -0.1350827 -0.0960270 0.1611603
v -0.1139914 -0.0814345 0.1513126
v -0.0688867 -0.0715161 0.0618784
v -0.0899548 -0.0368012 0.0014357
v -0.0397302 -0.0490640 0.0040084
v 0.0037396 -0.0617567 0.0106870
v -0.1281890 -0.0788205 0.1527445
v -0.1460452 -0.0686906 0.1611440
v -0.1057110 -0.0652558 0.0708567
v -0.1232996 -0.0880358 0.1531766
v -0.1180483 -0.0772575 0.1492980
v -0.0778812 -0.0563487 0.0016561
v -0.0429592 -0.0517612 0.0042580
v -0.0369667 -0.0484897 0.0017596
v -0.0179961 -0.0429629 0.0091300
v 0.0474129 -0.0620970 0.0114085
v 0.0644980 -0.0769698 0.0031049
v 0.0718565 -0.0762846 0.0046813
v -0.0937299 -0.0666562 0.0654957
v 0.1128096 -0.0629847 0.0232791
v -0.1269886 -0.0349906 0.0768049
v -0.0747709 -0.0768712 0.0680454
v -0.1126204 0.0544969 0.2303434
v -0.0844000 -0.0853942 0.0809031
v -0.0854415 0.0017508 0.0554805
v -0.0919836 -0.0500113 0.0025935
v -0.0501910 -0.0568800 0.0007366
v 0.0515616 -0.0708016 0.0086788
v 0.0506576 -0.0755302 0.0031760
v -0.1460078 -0.0885433 0.1633621
v -0.0974908 -0.0813361 0.0822607
v -0.0956884 -0.0034510 0.0568465
v 0.0440994 -0.0695424 0.0124142
v 0.0741006 -0.0816544 0.0074663
v -0.1004128 0.0004988 0.0599857
v -0.0953595 -0.0114686 0.0547029
v -0.0808392 -0.0128352 0.0474009
v -0.1151256 -0.0658601 0.0782741
v -0.0904380 -0.0667666 0.0020864
v -0.0601416 -0.0640263 0.0022883
v -0.0080286 -0.0587369 0.0102019
v 0.0664787 -0.0855621 0.0046702
v -0.1045743 -0.0936401 0.1575003
v -0.1100231 0.0662790 0.2306264
v -0.1054775 -0.0101516 0.0595495
v -0.1361278 -0.0359240 0.0901842
v -0.1487775 -0.0524111 0.1651779
v -0.1440555 -0.0507473 0.1605834
v -0.1090056 -0.1018891 0.1599073
v -0.0761539 -0.0806564 0.0739647
v -0.1208177 -0.0724766 0.1477177
v -0.0888835 -0.0191833 0.0514149
v -0.0981713 -0.0618330 0.0034502
v -0.0821789 -0.0755315 0.0022391
v -0.0700954 -0.0722704 0.0023405
v -0.0360692 -0.0721564 0.0028428
v -0.0283694 -0.0677802 0.0097838
v 0.0236774 -0.0764044 0.0121298
v 0.0580483 -0.0882412 0.0037550
v -0.1161964 -0.1045530 0.1625773
v -0.1273382 -0.0962869 0.1605593
v -0.1146151 -0.0575288 0.0725721
v -0.1244052 -0.0614962 0.0860786
v -0.0969941 -0.0704887 0.0029579
v -0.0337128 -0.0768282 0.0020882
v 0.0434637 -0.0899242 0.0030296
v 0.0562949 -0.0923046 0.0058260
v -0.0875385 -0.0803075 0.0757091
v -0.1443589 -0.0598921 0.1624174
v -0.1034870 -0.0241155 0.0555810
v -0.1318219 -0.1000371 0.1663795
v -0.0502264 -0.0694001 0.0023354
v 0.0110204 -0.0806882 0.0124584
v 0.0279476 -0.0942228 0.0031707
v -0.0955224 -0.0291234 0.0523683
v -0.0835629 -0.0298591 0.0490029
v -0.0130400 -0.0799466 0.0117390
v -0.0027198 -0.0818058 0.0120446
v 0.0006572 -0.0903694 0.0030256
v 0.0401813 -0.0950492 0.0050669
v -0.1368592 -0.0638339 0.1574142
v -0.1376894 -0.0714696 0.1560344
v -0.1154607 -0.0123907 0.0667614
v -0.1086259 -0.0205991 0.0589029
v -0.0886988 -0.0360789 0.0510688
v -0.0602245 -0.0824794 0.0026544
v -0.0479207 -0.0839851 0.0027365
v -0.0190462 -0.0899470 0.0027160
v 0.0272327 -0.0987462 0.0058598
v -0.1262810 -0.0712396 0.1517335
v -0.0858243 -0.0605784 0.0597306
v -0.0687532 -0.0777967 0.0695238
v -0.0666531 -0.0819620 0.0752663
v -0.1119802 -0.0334119 0.0621998
v -0.1034224 -0.0337082 0.0558293
v -0.0450864 -0.0879851 0.0042804
v 0.0173388 -0.0980048 0.0034167
v -0.0985613 -0.0741057 0.0738055
v -0.1036052 0.0771027 0.2332456
v -0.1098442 -0.0529195 0.0674461
v -0.1166300 -0.0234882 0.0665141
v -0.0966933 -0.0825502 0.0052913
v -0.0401972 -0.0925883 0.0052493
v 0.0146439 -0.1018684 0.0053552
v -0.1367519 -0.0992788 0.1675362
v -0.0931328 -0.0542952 0.0589805
v -0.0996666 -0.0392025 0.0554034
v -0.0827352 -0.0482121 0.0533704
v -0.0948244 -0.0818038 0.0033851
v -0.0732516 -0.0885648 0.0025200
v -0.0024630 -0.1015295 0.0031199
v 0.0107192 -0.1035515 0.0086815
v -0.1167306 -0.0964144 0.1564857
v -0.1207368 -0.0131211 0.0730529
v -0.1120027 -0.0271782 0.0621652
v -0.1224440 -0.0456443 0.0753903
v -0.0889267 -0.0869898 0.0027808
v -0.0752075 -0.0927492 0.0034146
v -0.0579086 -0.0900362 0.0038140
v -0.0340649 -0.0969158 0.0037376
v -0.0237153 -0.1040989 0.0035667
v 0.0029871 -0.1032676 0.0038928
v -0.0969673 0.0967318 0.2452489
v -0.0993357 0.0601586 0.2308308
v -0.0905920 0.1137718 0.2611665
v -0.0929498 0.0614434 0.2383146
v -0.0539114 0.0012866 0.2288682
v -0.0977939 0.0349494 0.2246326
v -0.0998273 0.0951942 0.2405765
v 0.0126344 0.0404922 0.2667657
v -0.0918890 0.1157965 0.2613506
v -0.1072264 0.0139181 0.2159840
v -0.0894608 0.0095469 0.2141526
v 0.0106951 0.0506899 0.2778127
v -0.0938623 0.1172072 0.2649407
v -0.0228376 0.0189990 0.2485629
v -0.0033425 0.0193390 0.2527543
v -0.0998014 0.0875328 0.2381355
v -0.0661928 0.0007228 0.2268172
v -0.0292993 0.0123604 0.2426093
v -0.1012953 0.1001885 0.2435535
v 0.0117867 0.0554926 0.2863860
v -0.1105672 0.0755317 0.2327110
v -0.0948616 0.0487994 0.2309561
v -0.0925133 0.0119815 0.2202330
v -0.0724867 -0.0020519 0.2152510
v -0.0449388 0.0102407 0.2375046
v -0.0959938 0.0693710 0.2376123
v -0.0952006 0.1055127 0.2500880
v -0.0987562 0.0157532 0.2177670
v -0.1019028 0.0436666 0.2255042
v -0.0958631 0.0779296 0.2416013
v -0.0149312 0.0127018 0.2471538
v 0.0021536 0.0297931 0.2596469
v -0.1081753 0.0268169 0.2214924
v -0.0550837 0.0083719 0.2356762
v -0.0921936 0.0231972 0.2272956
v -0.0939108 0.0197914 0.2219775
v -0.1028291 0.0269683 0.2212186
v -0.0669429 -0.0060306 0.2201313
v -0.0234712 0.0265720 0.2575696
v -0.0980214 0.0221707 0.2205824
v -0.0787584 0.0051348 0.2088881
v -0.1041337 0.0544797 0.2278668
v -0.0883308 0.1186788 0.2734423
v 0.0058090 0.0407944 0.2691434
v -0.1052260 0.0860771 0.2358370
v -0.0764796 -0.0369818 0.0480194
# 2503 vertices, 0 vertices normals

f 1069 1647 1578
f 1058 909 939
f 421 1176 238
f 1055 1101 1042
f 238 1059 1126
f 1254 30 1261
f 1065 1071 1
f 1037 1130 1120
f 1570 2381 1585
f 2434 2502 2473
f 1632 1654 1646
f 1144 1166 669
f 1202 1440 305
f 1071 1090 1
f 1555 1570 1584
f 1184 1174 404
f 65 432 12
f 1032 1085 574
f 1789 2207 2223
f 1154 1118 1184
f 1141 1086 1154
f 99 1117 342
f 404 1174 419
f 489 2000 1998
f 1118 1174 1184
f 1196 403 136
f 1495 717 1490
f 1804 402 1207
f 2272 1398 891
f 1100 1002 804
f 1596 1595 2381
f 208 420 1207
f 402 208 1207
f 1455 1935 1925
f 1176 1059 238
f 1150 1040 348
f 1957 1537 2051
f 1124 1189 939
f 1804 1207 1823
f 1381 1300 1109
f 383 384 1182
f 1085 1086 1141
f 1040 1046 132
f 220 1495 1188
f 420 261 1207
f 261 420 1065
f 1055 1133 1101
f 1054 421 403
f 182 1109 2
f 1181 1207 320
f 545 1570 1561
f 35 342 432
f 1024 574 1141
f 432 342 12
f 1489 1081 1547
f 1181 320 1805
f 1516 1683 1507
f 357 1117 1047
f 1561 1570 1555
f 1090 1196 1206
f 1047 1203 1051
f 1165 202 1121
f 1099 341 301
f 1174 240 419
f 922 921 833
f 1121 1080 385
f 815 21 1183
f 35 99 342
f 1083 398 262
f 106 94 1317
f 94 292 1317
f 292 95 1317
f 940 1039 1033
f 1300 1306 433
f 21 212 471
f 1120 1131 1037
f 833 921 688
f 1117 357 342
f 106 271 94
f 386 227 1375
f 1130 1044 1053
f 419 240 219
f 1255 1244 32
f 1557 1081 1489
f 2062 2120 2109
f 2034 2110 430
f 23 315 1111
f 291 94 271
f 291 292 94
f 50 386 95
f 964 734 665
f 1616 1585 1611
f 445 1084 402
f 574 1085 1141
f 1654 341 1653
f 220 1188 1640
f 342 69 12
f 417 261 328
f 292 50 95
f 204 227 386
f 50 204 386
f 1276 1471 1311
f 1206 1196 136
f 1033 1055 1042
f 1037 1044 1130
f 1180 320 417
f 1121 202 1080
f 325 203 271
f 291 76 292
f 292 237 50
f 2159 1696 1767
f 583 929 850
f 1584 1585 1616
f 1495 1490 1188
f 1557 1489 1660
f 1078 1069 1494
f 1972 1992 1971
f 183 1226 2000
f 325 429 203
f 292 76 237
f 1152 227 1143
f 1488 1412 1489
f 1638 1646 1653
f 1947 1869 2468
f 203 306 291
f 306 76 291
f 237 248 50
f 204 1143 227
f 2395 14 429
f 1502 881 2500
f 1 1090 202
f 1652 1653 1099
f 2117 1863 2496
f 50 248 204
f 160 792 994
f 884 888 857
f 544 2117 2496
f 1090 1206 202
f 2463 879 2492
f 429 306 203
f 498 188 418
f 865 884 857
f 994 998 1014
f 884 897 888
f 1795 948 1802
f 208 1035 1071
f 1065 1 1066
f 377 435 1377
f 304 429 14
f 304 306 429
f 73 60 74
f 248 592 204
f 846 2264 829
f 897 912 906
f 1004 991 992
f 1422 1421 1233
f 980 10 303
f 1058 922 909
f 2436 2449 2418
f 394 435 377
f 435 475 446
f 475 474 446
f 336 337 361
f 338 235 372
f 624 148 129
f 812 306 596
f 1726 992 1019
f 945 1514 1511
f 1069 1627 1628
f 1812 1823 1181
f 1165 1121 169
f 447 475 435
f 2487 2458 901
f 42 59 46
f 401 7 187
f 1010 970 797
f 1513 220 1640
f 2474 2491 2462
f 594 307 1014
f 398 1513 1640
f 307 594 1026
f 545 2381 1570
f 403 421 238
f 445 402 127
f 1611 1631 1616
f 1805 1180 1148
f 394 447 435
f 2341 2413 2376
f 75 74 60
f 541 47 42
f 47 59 42
f 541 42 28
f 917 931 1103
f 897 906 883
f 2484 2068 779
f 888 883 857
f 261 1065 328
f 363 1307 349
f 377 363 394
f 444 747 464
f 323 338 362
f 92 116 74
f 592 634 97
f 982 1027 1004
f 1020 982 1004
f 1084 1054 1035
f 208 402 1084
f 421 1119 1176
f 1207 1181 1823
f 1179 1187 1160
f 263 296 1343
f 1298 296 1307
f 1307 296 349
f 405 363 349
f 405 394 363
f 405 447 394
f 362 372 384
f 338 372 362
f 983 1004 987
f 122 134 139
f 415 440 414
f 75 92 74
f 226 186 246
f 796 787 700
f 1119 1059 1176
f 122 114 91
f 624 129 116
f 641 558 631
f 1311 1318 1487
f 100 1162 1170
f 1653 341 1099
f 1316 1983 273
f 263 277 296
f 296 358 349
f 436 447 405
f 109 554 570
f 504 1385 2501
f 115 122 91
f 2068 2460 779
f 43 777 163
f 378 405 349
f 358 378 349
f 448 447 436
f 448 476 447
f 78 77 108
f 75 60 47
f 1764 2481 1795
f 717 714 1512
f 1490 717 1501
f 238 1126 168
f 1878 1866 826
f 2025 2360 2367
f 251 278 263
f 278 277 263
f 277 318 296
f 296 318 358
f 318 350 358
f 378 436 405
f 384 372 1182
f 454 440 415
f 987 1004 992
f 493 476 448
f 323 788 338
f 403 238 136
f 1565 1503 1474
f 297 277 278
f 297 318 277
f 358 350 378
f 378 388 436
f 476 493 500
f 73 105 60
f 323 337 312
f 953 1573 2358
f 142 161 119
f 454 443 440
f 1862 1871 1405
f 297 319 318
f 560 47 541
f 170 1323 111
f 357 1047 1050
f 1119 98 1059
f 1838 1877 1900
f 2359 230 251
f 350 364 378
f 449 448 436
f 449 493 448
f 185 186 226
f 443 469 479
f 874 165 2480
f 463 444 464
f 64 105 91
f 1182 440 1129
f 1958 1651 2502
f 1238 2034 191
f 251 279 278
f 278 279 297
f 364 388 378
f 483 493 449
f 134 148 139
f 244 268 259
f 910 942 930
f 105 115 91
f 24 30 18
f 1132 487 1059
f 1869 1947 2021
f 2497 2494 2463
f 2359 2385 230
f 230 280 251
f 251 280 279
f 279 308 297
f 297 308 319
f 319 364 318
f 364 350 318
f 388 395 436
f 436 395 449
f 493 472 500
f 122 129 134
f 125 142 124
f 373 400 393
f 24 557 30
f 2264 2278 2251
f 1261 30 1269
f 1730 1862 1877
f 252 280 230
f 343 364 319
f 364 343 388
f 63 64 91
f 399 393 416
f 416 444 463
f 162 189 142
f 768 373 326
f 189 661 177
f 189 199 661
f 847 887 864
f 533 747 444
f 1744 1022 1418
f 1170 524 729
f 121 1342 128
f 1236 1244 26
f 280 281 279
f 281 308 279
f 343 319 308
f 343 365 388
f 388 365 395
f 365 406 395
f 406 449 395
f 483 477 493
f 477 491 472
f 493 477 472
f 78 109 77
f 166 174 196
f 481 150 814
f 63 59 64
f 326 373 393
f 643 260 43
f 230 253 252
f 449 441 483
f 441 477 483
f 415 416 463
f 226 246 245
f 464 470 454
f 323 362 337
f 52 37 1283
f 253 281 252
f 281 280 252
f 309 308 281
f 330 343 308
f 366 365 343
f 441 449 406
f 464 814 15
f 883 906 887
f 337 362 371
f 479 498 290
f 247 746 1003
f 25 37 557
f 640 930 669
f 2486 2499 2459
f 309 330 308
f 343 330 366
f 441 437 477
f 290 498 418
f 124 119 108
f 77 124 108
f 589 125 109
f 570 589 109
f 125 162 142
f 1045 433 1034
f 1207 261 320
f 2004 2474 2495
f 1215 1228 2285
f 365 396 406
f 396 422 406
f 422 437 441
f 406 422 441
f 59 47 60
f 51 78 66
f 361 371 383
f 196 215 214
f 463 454 415
f 27 41 535
f 53 1283 37
f 84 1299 1283
f 1805 320 1180
f 254 253 222
f 254 281 253
f 309 366 330
f 396 365 366
f 456 477 437
f 484 491 477
f 2480 2485 2493
f 418 188 187
f 53 85 1283
f 85 84 1283
f 420 1071 1065
f 264 281 254
f 298 309 281
f 368 366 367
f 368 396 366
f 1639 1564 1139
f 560 48 47
f 82 471 212
f 25 38 37
f 202 1206 1080
f 264 298 281
f 298 331 309
f 309 331 366
f 331 367 366
f 396 368 422
f 422 456 437
f 491 1192 313
f 1699 2064 1710
f 462 443 479
f 371 362 384
f 2502 2476 2464
f 371 384 383
f 21 732 212
f 1571 1629 1627
f 38 39 53
f 37 38 53
f 39 85 53
f 1173 1184 404
f 1006 2142 1674
f 201 255 254
f 255 264 254
f 368 407 422
f 450 456 422
f 450 484 456
f 456 484 477
f 314 1192 491
f 2027 2501 2489
f 2475 2471 2488
f 551 492 732
f 464 481 814
f 1081 1494 1547
f 201 231 255
f 407 450 422
f 484 494 491
f 494 327 491
f 327 314 491
f 876 797 995
f 847 856 829
f 125 143 162
f 134 129 148
f 1564 1571 1627
f 417 320 261
f 328 1065 1066
f 170 156 201
f 156 231 201
f 231 282 255
f 282 264 255
f 450 485 484
f 484 485 494
f 2463 2486 2479
f 159 185 167
f 492 68 212
f 732 492 212
f 68 82 212
f 1311 1471 1296
f 101 156 111
f 332 264 282
f 332 298 264
f 332 331 298
f 331 332 367
f 407 423 450
f 450 423 485
f 804 1002 1443
f 2484 779 946
f 689 443 462
f 440 689 1129
f 166 167 174
f 38 31 39
f 112 145 101
f 101 145 156
f 156 256 231
f 332 423 368
f 367 332 368
f 368 423 407
f 946 779 920
f 1432 1261 1449
f 461 478 453
f 464 15 470
f 31 54 39
f 39 54 85
f 86 101 85
f 145 210 156
f 282 283 332
f 283 369 332
f 369 423 332
f 423 408 485
f 854 876 965
f 78 108 66
f 440 443 689
f 374 2465 961
f 929 519 979
f 54 86 85
f 156 241 256
f 256 282 231
f 256 283 282
f 389 423 369
f 389 408 423
f 408 457 485
f 457 49 485
f 485 49 494
f 494 135 327
f 175 83 314
f 1167 1140 1483
f 196 174 215
f 697 16 68
f 1038 82 16
f 140 117 141
f 1654 1653 1646
f 1234 54 31
f 86 112 101
f 210 241 156
f 923 917 911
f 697 34 16
f 145 193 210
f 256 265 283
f 265 310 283
f 283 310 369
f 310 344 369
f 344 370 369
f 370 389 369
f 409 408 389
f 409 466 408
f 466 457 408
f 466 49 457
f 49 135 494
f 174 225 215
f 1014 766 602
f 826 2220 2215
f 1078 1494 1081
f 1273 70 86
f 120 112 86
f 146 145 112
f 146 193 145
f 265 256 241
f 223 265 241
f 486 49 466
f 175 327 135
f 105 122 115
f 480 15 681
f 225 234 215
f 731 34 697
f 86 54 1273
f 70 120 86
f 193 241 210
f 299 310 265
f 310 333 344
f 344 351 370
f 424 466 409
f 135 49 175
f 214 215 234
f 48 75 47
f 34 9 1038
f 16 34 1038
f 203 291 271
f 9 558 754
f 1195 397 1120
f 120 146 112
f 146 194 193
f 266 265 223
f 266 299 265
f 299 333 310
f 333 351 344
f 382 383 392
f 399 416 415
f 266 333 299
f 351 352 370
f 424 486 466
f 487 175 49
f 7 117 187
f 1182 414 440
f 41 42 46
f 290 289 497
f 2502 2464 2473
f 372 399 414
f 1570 1585 1584
f 1066 1 1165
f 1 202 1165
f 120 70 102
f 157 146 120
f 194 223 193
f 223 241 193
f 352 379 370
f 370 379 389
f 410 409 389
f 2478 1409 1958
f 806 945 1002
f 157 194 146
f 267 266 223
f 267 333 266
f 379 410 389
f 410 438 409
f 438 424 409
f 190 205 143
f 337 371 361
f 2215 830 826
f 1631 1646 1638
f 102 157 120
f 157 195 194
f 195 223 194
f 195 211 223
f 223 211 267
f 267 300 333
f 300 334 351
f 333 300 351
f 351 334 352
f 410 411 438
f 438 486 424
f 487 49 486
f 875 594 989
f 108 581 66
f 225 245 244
f 312 336 335
f 151 754 107
f 274 1386 300
f 352 334 379
f 923 1729 1096
f 244 245 268
f 463 464 454
f 414 399 415
f 15 480 470
f 1647 1069 1078
f 909 922 833
f 387 417 328
f 133 157 102
f 1314 133 102
f 133 195 157
f 1148 1179 1160
f 1046 1167 182
f 379 411 410
f 792 339 229
f 391 7 668
f 185 226 174
f 461 290 497
f 2027 504 2501
f 1196 1054 403
f 728 1019 752
f 2459 2483 2461
f 1291 1264 55
f 133 1356 195
f 195 1356 211
f 412 438 411
f 4 486 438
f 458 4 438
f 4 487 486
f 1720 1572 1771
f 245 275 268
f 1869 2021 2059
f 235 399 372
f 64 60 105
f 836 2492 879
f 1315 133 1314
f 1331 1382 1356
f 1310 926 1128
f 7 1121 117
f 119 161 611
f 380 379 334
f 379 380 411
f 467 4 458
f 495 487 4
f 495 1126 487
f 416 400 533
f 479 469 498
f 74 116 73
f 478 461 497
f 393 400 416
f 61 1291 55
f 505 1999 2474
f 1999 2491 2474
f 199 189 36
f 1164 1165 169
f 1179 387 249
f 390 411 380
f 411 390 412
f 458 438 412
f 495 168 1126
f 480 469 470
f 116 122 105
f 418 187 140
f 185 174 167
f 166 148 167
f 470 469 443
f 40 55 32
f 61 71 1291
f 71 103 1291
f 1184 1173 1154
f 634 514 97
f 425 458 412
f 917 923 931
f 2472 2489 853
f 754 641 567
f 44 567 1163
f 454 470 443
f 40 32 1249
f 33 40 1249
f 56 55 40
f 56 61 55
f 451 1265 439
f 1180 417 1179
f 1099 301 1077
f 1189 1058 939
f 1059 221 1132
f 598 1074 1075
f 412 426 425
f 650 186 185
f 234 244 259
f 226 245 225
f 1033 1042 1030
f 2492 836 247
f 7 169 1121
f 1462 1322 1482
f 425 467 458
f 496 4 467
f 1751 2468 2480
f 290 418 140
f 326 789 762
f 142 177 161
f 165 1751 2480
f 87 103 71
f 103 87 104
f 1180 1179 1148
f 417 387 1179
f 2081 2060 2031
f 1154 1173 1141
f 181 131 197
f 442 425 426
f 614 144 143
f 876 1010 797
f 40 45 56
f 56 45 61
f 87 71 61
f 1563 1437 1590
f 1121 385 117
f 1148 1160 1137
f 1449 1459 1439
f 1028 2462 929
f 442 459 425
f 459 467 425
f 168 495 4
f 496 168 4
f 1763 1403 1444
f 140 187 117
f 244 234 225
f 246 740 269
f 372 414 1182
f 40 547 45
f 45 62 61
f 62 87 61
f 87 88 104
f 1084 517 1054
f 387 328 1064
f 2467 2497 2485
f 286 1363 302
f 205 189 162
f 290 140 289
f 214 234 224
f 393 399 809
f 315 1131 397
f 302 321 353
f 1164 169 391
f 427 459 442
f 217 496 467
f 217 168 496
f 978 969 2074
f 361 383 382
f 269 276 245
f 1440 11 305
f 62 88 87
f 328 1066 1064
f 1066 1165 1164
f 242 287 302
f 1363 242 302
f 287 321 302
f 1179 249 1187
f 983 1020 1004
f 464 747 481
f 788 323 276
f 269 245 246
f 88 89 1325
f 171 172 242
f 360 353 321
f 360 1354 353
f 1057 1064 1164
f 2184 2188 2183
f 460 459 451
f 460 467 459
f 149 168 217
f 149 136 168
f 116 129 122
f 109 124 77
f 159 167 148
f 28 42 41
f 57 88 62
f 45 57 62
f 1336 1325 89
f 89 72 1336
f 147 172 171
f 172 258 242
f 258 257 242
f 257 287 242
f 257 321 287
f 345 360 321
f 360 381 1354
f 1069 938 1655
f 387 473 249
f 270 217 467
f 130 136 149
f 851 847 829
f 983 987 975
f 189 177 142
f 88 72 89
f 184 258 172
f 257 288 321
f 1265 451 459
f 270 149 217
f 226 225 174
f 27 28 41
f 109 125 124
f 547 57 45
f 57 58 88
f 88 58 72
f 2476 2484 2458
f 147 184 172
f 184 213 258
f 258 243 257
f 243 288 257
f 345 321 288
f 391 169 7
f 468 460 451
f 468 488 460
f 270 467 460
f 488 270 460
f 1206 136 130
f 481 793 150
f 143 205 162
f 142 119 124
f 58 90 72
f 90 128 72
f 147 173 184
f 173 213 184
f 213 233 258
f 258 233 243
f 354 360 345
f 354 381 360
f 1026 991 307
f 268 312 259
f 1206 130 1080
f 116 105 73
f 139 148 166
f 275 312 268
f 188 401 187
f 2479 2459 2461
f 58 63 90
f 1064 1066 1164
f 1064 473 387
f 288 311 345
f 311 354 345
f 996 994 307
f 452 468 439
f 452 478 468
f 478 488 468
f 141 130 149
f 1564 1639 1563
f 547 41 57
f 2081 2107 2060
f 382 381 354
f 497 270 488
f 289 149 270
f 289 141 149
f 114 122 139
f 59 60 64
f 275 323 312
f 401 668 7
f 41 46 57
f 57 46 58
f 1459 1345 1269
f 1342 121 158
f 166 173 158
f 213 224 233
f 233 259 243
f 243 322 288
f 322 311 288
f 453 478 452
f 497 289 270
f 912 911 906
f 276 323 275
f 276 275 245
f 46 63 58
f 90 121 128
f 173 214 213
f 213 214 224
f 259 322 243
f 336 311 322
f 336 354 311
f 361 382 354
f 1043 439 1290
f 497 488 478
f 385 130 141
f 385 1080 130
f 144 190 143
f 535 41 547
f 121 166 158
f 335 336 322
f 354 336 361
f 2004 2481 1764
f 698 439 1043
f 289 140 141
f 923 1096 931
f 650 185 159
f 46 59 63
f 63 91 90
f 90 114 121
f 121 139 166
f 173 196 214
f 259 335 322
f 2478 2502 2434
f 312 337 336
f 90 91 114
f 114 139 121
f 166 196 173
f 224 234 233
f 234 259 233
f 259 312 335
f 1124 916 1189
f 542 541 530
f 462 479 290
f 269 783 276
f 813 567 641
f 276 783 788
f 82 1038 1333
f 816 701 703
f 672 137 603
f 625 635 624
f 2457 2439 1973
f 767 533 529
f 2468 1869 2480
f 662 190 639
f 711 720 719
f 630 639 614
f 161 654 638
f 781 991 982
f 1227 31 516
f 648 639 630
f 630 614 590
f 2098 544 1899
f 578 579 586
f 697 492 551
f 529 533 400
f 869 859 870
f 1732 924 914
f 1004 1027 991
f 801 591 603
f 636 676 651
f 876 949 965
f 2207 1789 1859
f 76 739 237
f 188 681 15
f 578 604 599
f 797 616 995
f 510 2035 1365
f 76 812 617
f 617 739 76
f 1468 93 1765
f 596 546 812
f 1457 1305 1477
f 760 197 150
f 671 773 765
f 586 609 604
f 591 700 632
f 476 2312 474
f 2084 2027 2489
f 582 590 571
f 1555 2449 1996
f 674 546 596
f 812 655 617
f 161 177 661
f 599 604 636
f 700 787 576
f 776 675 572
f 776 674 675
f 617 634 739
f 591 632 649
f 612 546 674
f 617 655 634
f 728 752 706
f 571 2311 2305
f 775 674 776
f 775 612 674
f 612 628 546
f 546 628 812
f 812 628 655
f 620 630 615
f 620 648 630
f 667 653 646
f 810 782 785
f 150 197 814
f 534 1517 2000
f 702 572 2378
f 748 776 572
f 655 613 634
f 911 917 905
f 648 679 662
f 727 771 713
f 750 807 799
f 639 190 144
f 662 679 200
f 702 748 572
f 775 776 748
f 628 718 655
f 626 658 645
f 791 778 790
f 612 811 628
f 613 514 634
f 1380 1756 1673
f 570 590 614
f 720 741 719
f 1074 795 835
f 614 639 144
f 612 775 811
f 718 735 655
f 655 735 613
f 798 338 788
f 636 652 676
f 571 590 555
f 528 730 687
f 690 702 2312
f 476 690 2312
f 811 718 628
f 721 778 727
f 748 702 690
f 735 686 613
f 1517 2002 2127
f 654 685 667
f 569 588 606
f 513 531 538
f 538 549 548
f 549 553 548
f 550 588 549
f 1903 869 870
f 691 775 748
f 691 600 775
f 600 811 775
f 811 563 718
f 563 736 718
f 718 736 735
f 736 647 735
f 735 647 686
f 686 745 613
f 745 514 613
f 569 606 605
f 654 667 638
f 851 857 847
f 588 569 549
f 690 691 748
f 680 514 745
f 2127 2002 2094
f 747 701 481
f 400 373 529
f 600 536 811
f 536 563 811
f 1306 227 1152
f 522 24 18
f 523 24 522
f 865 857 851
f 2031 2060 1540
f 767 701 747
f 618 652 609
f 652 636 609
f 573 22 710
f 642 699 730
f 1522 1518 2476
f 500 629 691
f 690 500 691
f 691 629 600
f 780 644 641
f 579 578 561
f 131 668 197
f 197 668 814
f 789 809 798
f 622 760 150
f 621 563 536
f 673 745 686
f 673 818 745
f 818 680 745
f 680 96 514
f 2495 2462 1028
f 1028 583 575
f 663 794 664
f 629 761 600
f 761 757 600
f 600 757 536
f 621 696 563
f 755 736 563
f 696 755 563
f 633 736 755
f 633 647 736
f 623 686 647
f 633 623 647
f 686 623 673
f 819 680 818
f 680 819 96
f 1729 1677 1096
f 2482 1899 2471
f 537 536 757
f 536 537 621
f 673 819 818
f 2428 222 230
f 25 24 523
f 25 557 24
f 38 25 19
f 710 22 272
f 663 759 794
f 1120 878 1195
f 537 696 621
f 696 633 755
f 822 2215 2220
f 97 96 1053
f 750 784 743
f 887 905 864
f 768 784 373
f 512 513 548
f 573 664 22
f 696 715 633
f 673 521 819
f 2454 2453 2445
f 883 887 847
f 306 812 76
f 642 528 759
f 798 809 235
f 994 792 998
f 587 626 586
f 1900 1918 1937
f 645 652 618
f 537 786 696
f 521 593 819
f 515 19 523
f 741 749 719
f 789 326 809
f 539 581 550
f 657 777 723
f 684 713 660
f 692 712 720
f 652 666 692
f 507 761 629
f 472 507 629
f 507 757 761
f 623 633 673
f 724 521 673
f 515 516 19
f 304 675 674
f 178 778 721
f 947 1447 2358
f 626 645 618
f 586 626 618
f 784 768 742
f 753 537 757
f 537 753 786
f 724 981 521
f 521 981 593
f 979 559 850
f 637 660 677
f 787 631 576
f 141 117 385
f 809 399 235
f 641 754 558
f 542 553 561
f 742 768 762
f 444 416 533
f 528 687 796
f 813 598 566
f 1490 1501 1557
f 753 757 507
f 786 715 696
f 633 724 673
f 2090 2062 2109
f 646 653 660
f 660 694 683
f 677 660 683
f 1872 839 838
f 1224 18 30
f 326 393 809
f 799 529 373
f 313 507 472
f 715 774 633
f 974 699 841
f 703 820 816
f 692 711 676
f 1014 355 766
f 875 752 1019
f 627 646 660
f 711 692 720
f 652 692 676
f 799 373 784
f 813 566 567
f 2462 2482 2475
f 764 644 780
f 1479 1924 1916
f 753 738 786
f 738 607 786
f 786 607 715
f 715 524 774
f 633 774 724
f 559 979 672
f 758 798 783
f 683 694 705
f 820 703 562
f 764 687 644
f 744 743 725
f 313 753 507
f 607 524 715
f 664 801 22
f 646 627 610
f 800 820 562
f 750 769 807
f 767 747 533
f 578 586 604
f 862 593 981
f 688 2382 1083
f 306 304 674
f 738 584 607
f 168 136 238
f 773 552 765
f 2473 2464 2458
f 773 793 552
f 626 619 658
f 1007 1139 1013
f 562 529 799
f 744 750 743
f 659 683 693
f 677 683 659
f 313 737 753
f 753 737 738
f 607 729 524
f 27 518 28
f 553 569 580
f 657 163 777
f 580 569 605
f 789 798 758
f 769 562 807
f 820 671 816
f 638 646 611
f 1074 598 644
f 750 799 784
f 1931 907 898
f 2483 2487 2461
f 737 584 738
f 1439 1438 1431
f 2098 1213 544
f 48 578 75
f 796 631 787
f 815 732 21
f 581 588 550
f 625 636 651
f 778 1011 810
f 693 705 725
f 693 683 705
f 236 1921 1966
f 584 729 607
f 2237 1866 2227
f 530 541 28
f 237 739 248
f 512 530 28
f 727 778 771
f 684 727 713
f 2237 2220 826
f 542 561 560
f 528 796 700
f 808 785 671
f 739 592 248
f 895 905 896
f 740 246 186
f 272 137 979
f 770 769 744
f 712 742 720
f 1213 2026 544
f 1888 1235 2438
f 555 554 2311
f 737 313 1192
f 1585 1612 1611
f 695 721 685
f 518 17 28
f 769 770 562
f 719 749 740
f 648 669 679
f 773 657 723
f 606 637 619
f 2072 2062 2042
f 606 619 626
f 549 569 553
f 161 638 611
f 910 917 942
f 917 1103 942
f 991 1026 992
f 979 137 672
f 785 163 657
f 710 2488 2472
f 611 581 119
f 808 671 820
f 1820 1900 1870
f 759 700 591
f 637 677 619
f 2494 2490 2463
f 671 765 816
f 687 764 780
f 1019 992 1026
f 1726 1719 987
f 713 771 694
f 51 2355 78
f 510 526 525
f 525 526 1249
f 526 33 1249
f 2311 554 2335
f 827 848 840
f 603 591 649
f 758 269 740
f 1595 1612 1586
f 1694 1048 1699
f 682 740 186
f 22 801 603
f 555 570 554
f 1053 110 97
f 615 582 601
f 814 668 188
f 725 705 744
f 528 700 759
f 640 648 620
f 703 701 562
f 886 892 582
f 631 731 576
f 1087 1835 1747
f 882 864 895
f 956 950 1103
f 1502 2500 2470
f 205 190 200
f 815 878 616
f 616 878 995
f 1183 878 815
f 1601 1827 881
f 527 535 526
f 2184 2183 2175
f 1142 1125 1133
f 235 338 798
f 160 339 792
f 599 92 75
f 598 1116 566
f 631 558 731
f 771 770 744
f 730 528 642
f 841 699 642
f 668 401 188
f 510 527 526
f 749 758 740
f 706 721 695
f 694 726 705
f 694 744 726
f 906 911 905
f 661 695 161
f 708 815 616
f 535 547 33
f 794 759 591
f 778 808 790
f 269 758 783
f 771 744 694
f 800 808 820
f 571 886 582
f 854 948 1010
f 906 905 887
f 625 651 635
f 2000 1226 534
f 2140 1504 2016
f 601 620 615
f 620 601 640
f 648 640 669
f 698 452 439
f 671 785 657
f 1561 2356 545
f 685 653 667
f 685 727 684
f 568 616 797
f 708 732 815
f 93 229 339
f 865 851 839
f 942 1103 950
f 589 614 125
f 606 610 627
f 951 834 873
f 92 599 625
f 1878 830 1902
f 2482 2098 1899
f 568 708 616
f 708 551 732
f 2434 2487 2483
f 160 964 665
f 2316 2391 2309
f 762 758 749
f 570 614 589
f 888 897 883
f 2000 1517 1388
f 685 721 727
f 588 610 606
f 653 685 684
f 651 650 635
f 760 1151 6
f 793 622 150
f 651 676 650
f 744 769 750
f 541 542 560
f 476 500 690
f 473 1064 1057
f 561 578 560
f 636 625 599
f 876 995 949
f 829 856 846
f 682 704 740
f 791 790 770
f 2466 2500 2460
f 579 587 586
f 1352 1208 1095
f 1684 1479 1916
f 604 609 636
f 751 721 706
f 810 608 782
f 672 603 649
f 475 447 476
f 794 591 801
f 682 186 650
f 808 800 790
f 644 598 813
f 704 719 740
f 1011 608 810
f 1192 584 737
f 687 780 796
f 2337 474 2312
f 638 667 646
f 706 1186 728
f 733 575 568
f 595 551 708
f 595 540 551
f 1308 501 1852
f 665 339 160
f 527 2447 535
f 558 9 731
f 723 793 773
f 660 713 694
f 693 725 666
f 562 767 529
f 550 538 531
f 2267 2287 2233
f 996 964 160
f 2068 2470 2466
f 704 711 719
f 741 762 749
f 605 606 626
f 548 542 530
f 995 878 709
f 1898 1684 1916
f 778 791 771
f 782 163 785
f 789 758 762
f 857 883 847
f 733 970 1028
f 838 829 825
f 2447 511 535
f 22 603 137
f 705 726 744
f 605 587 580
f 512 548 530
f 743 784 742
f 790 800 770
f 778 810 808
f 1014 998 355
f 708 568 595
f 656 697 551
f 540 656 551
f 143 125 614
f 1000 1020 983
f 778 178 1011
f 676 704 682
f 637 627 660
f 606 627 637
f 701 552 481
f 808 810 785
f 590 570 555
f 716 595 568
f 2355 2335 554
f 912 1729 911
f 1076 1456 1546
f 697 68 492
f 676 711 704
f 839 851 838
f 1028 575 733
f 1020 844 982
f 716 568 575
f 844 781 982
f 1238 2156 2034
f 553 580 561
f 580 579 561
f 452 461 453
f 560 578 48
f 564 540 595
f 632 656 540
f 564 632 540
f 75 578 599
f 518 27 535
f 511 518 535
f 783 798 788
f 642 759 663
f 720 742 741
f 605 626 587
f 580 587 579
f 725 712 666
f 562 701 767
f 1729 923 911
f 712 743 742
f 619 677 658
f 161 695 654
f 770 800 562
f 2084 2489 2472
f 575 559 716
f 716 564 595
f 654 695 685
f 843 855 2064
f 34 731 9
f 527 510 1973
f 723 622 793
f 992 1726 987
f 693 666 652
f 2472 853 573
f 624 159 148
f 671 657 773
f 681 188 498
f 797 970 733
f 565 656 632
f 565 697 656
f 565 731 697
f 1949 951 920
f 85 111 84
f 662 200 190
f 44 324 754
f 33 547 40
f 658 693 652
f 658 652 645
f 664 794 801
f 666 712 692
f 639 648 662
f 611 646 610
f 850 559 575
f 1447 2490 1106
f 1972 1955 1935
f 582 615 590
f 66 581 539
f 780 641 631
f 796 780 631
f 1049 1192 83
f 1348 13 1519
f 799 807 562
f 581 611 588
f 687 795 644
f 663 8 642
f 1936 1972 1935
f 650 676 682
f 615 630 590
f 730 795 687
f 742 762 741
f 548 553 542
f 1048 1692 1074
f 658 659 693
f 37 52 30
f 611 610 588
f 649 632 564
f 565 576 731
f 2138 922 1058
f 1204 854 965
f 725 743 712
f 644 813 641
f 660 653 684
f 771 791 770
f 644 795 1074
f 469 480 681
f 559 672 564
f 716 559 564
f 672 649 564
f 2161 1378 2171
f 474 475 476
f 816 765 701
f 765 552 701
f 513 538 548
f 754 324 107
f 609 586 618
f 25 523 19
f 677 659 658
f 689 452 698
f 1334 1115 1353
f 700 565 632
f 700 576 565
f 481 552 793
f 763 901 2458
f 550 549 538
f 781 964 996
f 1596 1634 1595
f 198 916 1124
f 198 1124 341
f 842 973 1025
f 842 1025 836
f 1009 1024 934
f 573 710 2472
f 1100 971 1002
f 1501 1081 1557
f 1225 1219 955
f 413 2138 284
f 955 1630 522
f 341 1124 301
f 2333 2376 2350
f 1107 218 284
f 398 925 1513
f 1513 1442 1495
f 1935 1455 1744
f 1723 1935 1744
f 825 1872 838
f 1495 1442 1496
f 963 1024 1009
f 1511 1514 966
f 1775 1729 912
f 688 262 1067
f 714 1007 1512
f 919 1732 914
f 2319 2331 2304
f 2400 2407 2391
f 1674 2164 1780
f 843 927 899
f 1660 988 1188
f 1067 262 1640
f 1381 1109 1483
f 1437 1381 1483
f 2495 1010 948
f 1514 1289 1313
f 899 374 961
f 1438 1430 1422
f 1634 1095 1632
f 2487 973 2461
f 1003 499 874
f 849 848 827
f 1430 1462 1453
f 2496 2084 2471
f 909 10 980
f 730 927 835
f 2031 1540 1536
f 831 849 2178
f 881 834 951
f 1841 1722 1803
f 1005 670 1020
f 1021 670 1005
f 1869 2059 2467
f 903 902 1939
f 2476 2502 1651
f 853 8 573
f 1850 831 2178
f 934 746 247
f 934 65 746
f 301 285 1077
f 968 944 977
f 970 2495 1028
f 974 2465 374
f 899 927 374
f 1882 1898 1916
f 1613 1634 1596
f 909 833 1396
f 2492 247 1003
f 919 914 1931
f 1459 1299 1458
f 1634 1632 1633
f 844 670 228
f 2494 2497 2467
f 901 973 2487
f 228 1772 734
f 1701 1709 1666
f 963 574 1024
f 847 864 856
f 1730 1736 2239
f 870 859 848
f 2074 2111 2103
f 1140 1590 1483
f 927 730 974
f 2103 978 2074
f 756 1745 1718
f 848 859 840
f 1296 1482 1320
f 2331 51 66
f 1067 988 962
f 1396 833 1445
f 1001 1005 1000
f 901 1009 973
f 1099 1077 817
f 933 944 936
f 952 958 1828
f 988 1660 986
f 833 1067 1445
f 1067 1640 988
f 218 413 284
f 1843 180 347
f 1846 1708 1798
f 2469 2477 855
f 1006 1021 1005
f 381 382 250
f 2369 828 531
f 968 977 1001
f 2460 1949 779
f 1194 1441 1115
f 1001 1000 968
f 756 678 1745
f 963 1009 901
f 2471 2084 2472
f 841 642 8
f 982 991 1027
f 670 844 1020
f 1289 1514 945
f 869 904 890
f 1161 1115 1639
f 823 2178 849
f 746 12 499
f 263 428 2366
f 1685 1075 1692
f 1002 926 806
f 1799 1755 216
f 944 968 993
f 943 944 993
f 31 38 19
f 531 828 550
f 1501 1078 1081
f 1921 1149 431
f 936 943 932
f 1660 1489 1412
f 301 980 285
f 903 918 902
f 869 890 868
f 890 903 867
f 1003 746 499
f 951 1949 2500
f 990 841 853
f 1595 1634 1611
f 374 927 974
f 836 1025 247
f 1653 1652 1638
f 1303 1545 1142
f 1616 1631 1638
f 1629 1546 1628
f 936 932 913
f 513 506 531
f 868 890 867
f 2330 2369 2353
f 924 918 914
f 907 914 904
f 1258 1421 1267
f 301 939 980
f 1472 1482 1296
f 868 867 859
f 472 491 313
f 272 519 2488
f 1471 1472 1296
f 1025 934 247
f 1634 1633 1611
f 2176 1847 2177
f 1310 1289 806
f 924 933 918
f 1969 1968 902
f 2107 2128 2118
f 1428 1436 1287
f 1139 1564 1617
f 2378 572 2384
f 853 841 8
f 2501 961 2465
f 1221 1240 1408
f 1069 1578 1627
f 1006 1005 1001
f 1617 1564 1578
f 828 539 550
f 1791 2168 2160
f 1829 1718 1739
f 1968 1939 902
f 756 1718 665
f 1998 2000 1388
f 2451 545 2356
f 178 997 1011
f 1275 325 1270
f 1709 872 1666
f 2176 1959 1847
f 944 943 936
f 2424 518 511
f 1445 1067 962
f 2007 952 1828
f 2052 2061 2081
f 828 2303 539
f 835 1699 1048
f 1709 1706 872
f 885 574 963
f 1318 1296 1320
f 859 867 1902
f 1452 1448 1421
f 943 993 976
f 993 1000 983
f 854 1010 876
f 988 986 962
f 2031 2052 2081
f 924 1732 1828
f 965 949 1060
f 781 228 734
f 1718 1765 665
f 943 976 932
f 1680 1794 1783
f 1448 1471 1276
f 1276 1267 1421
f 1931 914 907
f 991 781 996
f 1276 1421 1448
f 10 909 1396
f 831 860 849
f 1523 1762 1774
f 924 1828 937
f 307 994 1014
f 946 963 901
f 978 2103 977
f 977 1006 1001
f 1007 1161 1639
f 1639 1294 1437
f 885 1032 574
f 1294 1381 1437
f 733 568 797
f 792 229 1112
f 119 581 108
f 843 835 927
f 1889 860 831
f 2211 2216 2204
f 2400 2431 2422
f 2103 1006 977
f 840 1902 830
f 827 840 830
f 827 830 822
f 1003 874 2492
f 1432 1439 1431
f 781 734 964
f 1937 1936 1723
f 918 913 902
f 958 977 944
f 1850 2178 2177
f 1005 1020 1000
f 991 996 307
f 1396 1445 340
f 2179 1763 889
f 939 909 980
f 1828 958 937
f 978 977 958
f 1590 1571 1563
f 779 1949 920
f 1551 1362 1573
f 2103 2142 1006
f 920 885 963
f 946 920 963
f 1584 1616 1583
f 1453 1472 1452
f 1647 1617 1578
f 1578 1564 1627
f 1628 938 1069
f 869 868 859
f 993 983 976
f 912 1762 1775
f 752 751 706
f 1628 1546 938
f 844 228 781
f 840 859 1902
f 898 907 904
f 1025 973 1009
f 663 664 573
f 763 946 901
f 898 904 869
f 2172 889 1763
f 1128 926 971
f 860 848 849
f 904 903 890
f 2486 2459 2479
f 577 782 608
f 933 936 918
f 2177 1847 1851
f 665 1765 339
f 937 958 944
f 894 981 724
f 968 1000 993
f 2192 2195 2205
f 1652 1099 817
f 997 608 1011
f 997 577 608
f 577 163 782
f 1112 998 792
f 2177 1851 1850
f 1257 1421 1258
f 951 873 920
f 822 830 2215
f 1899 2496 2471
f 1773 1668 1558
f 904 914 903
f 932 1671 913
f 873 885 920
f 1013 1617 1647
f 873 1032 885
f 894 862 981
f 2469 855 961
f 913 1671 1969
f 2477 2064 855
f 918 936 913
f 860 870 848
f 937 944 933
f 1501 1013 1647
f 824 178 751
f 824 997 178
f 824 577 997
f 643 163 577
f 863 856 882
f 2128 2153 2134
f 722 774 880
f 722 894 774
f 864 905 895
f 850 575 583
f 914 918 903
f 924 937 933
f 1501 717 1013
f 1587 1324 928
f 717 1512 1013
f 602 577 824
f 766 643 577
f 894 709 862
f 709 878 862
f 976 975 932
f 1324 1596 928
f 880 524 1060
f 2434 2459 2499
f 1324 1613 1596
f 752 824 751
f 602 766 577
f 1014 602 594
f 1387 1226 2152
f 2153 1387 2152
f 669 930 950
f 1710 1694 1699
f 768 326 762
f 582 892 601
f 974 990 2465
f 624 116 625
f 835 795 730
f 2458 2484 763
f 989 602 824
f 2064 2477 1710
f 976 983 975
f 949 722 880
f 996 160 994
f 2305 863 556
f 556 863 886
f 601 910 640
f 2264 825 829
f 989 824 752
f 856 864 882
f 1595 1586 2381
f 1627 1629 1628
f 2174 2180 2173
f 2128 2134 2118
f 137 272 22
f 949 880 1060
f 995 894 722
f 894 995 709
f 894 724 774
f 886 895 892
f 640 910 930
f 871 870 860
f 846 856 863
f 1026 875 1019
f 838 851 829
f 1024 1171 934
f 36 189 205
f 863 882 886
f 886 882 895
f 875 1026 594
f 52 1459 1269
f 896 917 910
f 1025 1009 934
f 949 995 722
f 2152 1226 1636
f 895 896 892
f 892 910 601
f 942 950 930
f 875 989 752
f 594 602 989
f 766 355 643
f 355 260 643
f 905 917 896
f 965 1060 1162
f 892 896 910
f 1101 1052 1042
f 1029 1031 834
f 1101 1133 1118
f 342 357 376
f 516 515 2454
f 1656 2494 2467
f 1056 1303 1133
f 1120 1130 862
f 69 342 376
f 1055 1056 1133
f 499 69 165
f 85 101 111
f 1031 1032 834
f 200 679 1166
f 1031 1042 1032
f 1171 65 934
f 1822 1204 1177
f 1096 956 1103
f 514 96 97
f 956 1145 1144
f 1185 1166 1144
f 1145 1185 1144
f 1185 200 1166
f 375 132 1041
f 1153 1202 305
f 32 1244 1249
f 1096 1087 956
f 554 78 2355
f 1191 138 110
f 65 35 432
f 1087 1110 956
f 1110 1146 956
f 956 1146 1145
f 1146 1156 1145
f 1145 1156 1185
f 950 956 1144
f 2481 2495 948
f 1156 1193 1185
f 1050 1047 1051
f 239 151 107
f 1185 1193 36
f 1747 1110 1087
f 1134 1146 1110
f 1146 1157 1156
f 1156 1157 1193
f 1041 1045 1034
f 1397 1134 1110
f 1157 1146 1134
f 1157 1175 1193
f 1193 199 36
f 1090 1035 1196
f 1456 1150 1051
f 1175 199 1193
f 1186 695 199
f 1186 199 1175
f 1175 1157 1134
f 728 1186 1175
f 197 760 6
f 1130 593 862
f 1167 1109 182
f 1194 1115 1161
f 2140 1928 1504
f 921 922 2138
f 1147 1134 1397
f 1719 1147 1397
f 1147 1175 1134
f 1175 1147 728
f 341 1654 1208
f 754 151 9
f 284 2138 1058
f 1188 1557 1660
f 1191 110 1053
f 916 284 1189
f 284 1058 1189
f 2094 1465 2127
f 1726 1019 1147
f 1147 1019 728
f 593 1130 96
f 239 305 1038
f 1036 1131 315
f 397 1131 1120
f 1053 96 1130
f 2467 2485 1869
f 517 1089 421
f 834 1827 1029
f 419 1047 1117
f 1034 433 1306
f 2239 1862 1730
f 1453 1462 1472
f 1408 1422 1399
f 471 23 1111
f 1205 1150 1456
f 1205 1040 1150
f 1131 1036 293
f 293 1068 1044
f 375 1041 138
f 1205 1140 1046
f 1040 1205 1046
f 1140 1167 1046
f 1104 1049 83
f 1052 1085 1032
f 1044 1068 1191
f 1167 1483 1109
f 208 1084 1035
f 1040 132 375
f 1834 20 3
f 1050 1051 1070
f 1133 1125 1174
f 11 1440 1401
f 420 208 1071
f 1135 1079 1094
f 1086 1101 1118
f 1029 1030 1031
f 1200 1061 294
f 1191 1068 138
f 1171 1141 65
f 1141 1172 65
f 1172 35 65
f 1172 404 35
f 404 99 35
f 221 1104 1063
f 802 398 1083
f 20 1089 3
f 2064 1699 835
f 1042 1052 1032
f 1433 1261 1432
f 1323 2338 155
f 1076 1205 1456
f 1088 1402 1056
f 1150 348 1070
f 1200 1089 20
f 1097 1162 100
f 1032 873 834
f 21 471 1111
f 294 1097 1104
f 1072 100 584
f 1151 760 622
f 132 1045 1041
f 1050 1070 1135
f 1088 1039 940
f 650 159 635
f 100 1170 729
f 729 584 100
f 1103 931 1096
f 925 1443 1513
f 138 1102 110
f 1034 1306 1152
f 1071 1035 1090
f 100 1072 1097
f 23 1158 315
f 1068 375 138
f 1586 1612 1585
f 1819 1030 1029
f 1041 1034 1102
f 232 375 1068
f 348 1079 1070
f 1061 1097 294
f 1513 1443 1442
f 1200 294 1119
f 376 1050 1062
f 1094 1036 315
f 1200 1119 1089
f 1111 1183 21
f 1044 1191 1053
f 698 295 689
f 1079 232 1036
f 404 1117 99
f 1495 1496 717
f 1119 294 98
f 3 1089 517
f 1132 1063 83
f 1132 83 175
f 132 1046 182
f 1111 1195 1183
f 1131 1044 1037
f 127 402 1804
f 219 1272 1047
f 1697 1135 1094
f 2140 1854 2117
f 1111 397 1195
f 1177 1162 1097
f 1061 1177 1097
f 717 1509 714
f 2 1300 433
f 462 290 461
f 98 294 221
f 294 1104 221
f 714 1161 1007
f 1073 1152 1143
f 1697 1094 1360
f 1223 1423 1218
f 836 2479 842
f 1097 1072 1049
f 348 1040 375
f 3 517 316
f 180 1061 1201
f 348 375 232
f 1432 1431 1415
f 220 1513 1495
f 1104 1097 1049
f 306 674 596
f 777 455 723
f 2170 2151 1641
f 1047 419 219
f 1102 1034 1073
f 1073 1034 1152
f 1035 1054 1196
f 1177 1204 1162
f 746 65 12
f 751 178 721
f 1054 517 421
f 1051 1150 1070
f 1102 1073 110
f 998 1136 355
f 567 566 1163
f 1111 315 397
f 1048 1074 835
f 1158 1094 315
f 1374 1107 1252
f 1112 1136 998
f 472 629 500
f 355 1136 260
f 260 118 43
f 1104 83 1063
f 376 357 1050
f 1463 1142 1545
f 1036 232 293
f 1030 1042 1031
f 1079 348 232
f 221 1063 1132
f 1094 1079 1036
f 1076 1629 1205
f 1136 1197 260
f 260 1197 118
f 1204 965 1162
f 293 232 1068
f 1590 1205 1629
f 1205 1590 1140
f 250 382 392
f 1296 1318 1311
f 347 1201 20
f 1201 1200 20
f 132 182 1045
f 1101 1086 1052
f 1033 1039 1055
f 138 1041 1102
f 970 1010 2495
f 455 777 43
f 1992 1948 2023
f 20 1834 347
f 1072 584 1049
f 584 1192 1049
f 182 2 1045
f 1163 324 44
f 1360 1094 1158
f 1450 1360 1158
f 1091 1112 229
f 509 723 455
f 207 509 455
f 1251 1257 1266
f 1488 1489 1547
f 2157 1541 1875
f 305 107 324
f 1045 2 433
f 1070 1079 1135
f 1136 1168 1197
f 1197 359 118
f 118 359 43
f 359 356 43
f 356 455 43
f 356 207 455
f 1240 1422 1408
f 1163 1153 324
f 1201 1061 1200
f 1052 1086 1085
f 1024 1141 1171
f 1112 1105 1136
f 1050 1135 1062
f 1105 1168 1136
f 1168 1178 1197
f 1197 1178 359
f 1173 404 1172
f 465 356 359
f 1174 1125 240
f 1240 1431 1422
f 1098 1113 1105
f 1112 1098 1105
f 1105 1178 1168
f 1178 465 359
f 1091 1098 1112
f 1133 1174 1118
f 98 221 1059
f 487 1132 175
f 980 1017 285
f 465 207 356
f 180 1201 347
f 1060 524 1170
f 445 127 316
f 1431 1438 1422
f 498 469 681
f 940 1807 1759
f 381 250 1290
f 1113 1122 1105
f 1105 1122 1178
f 1151 509 207
f 1236 2035 525
f 1131 293 1044
f 346 207 465
f 346 1151 207
f 1822 1796 1204
f 1143 204 97
f 123 1128 971
f 2153 2152 2134
f 126 1151 346
f 517 445 316
f 1450 1158 23
f 1458 1462 1430
f 1129 152 1182
f 1122 1159 1178
f 1178 1198 465
f 79 346 465
f 126 1155 1151
f 1151 1155 6
f 295 1129 689
f 1073 1143 97
f 1098 1123 1113
f 1113 1123 1122
f 1123 1169 1122
f 1178 1159 1198
f 1198 79 465
f 392 383 152
f 1822 1061 180
f 116 92 625
f 421 1089 1119
f 1129 295 152
f 110 1073 97
f 1173 1172 1141
f 1122 1169 1159
f 79 126 346
f 1155 181 6
f 971 926 1002
f 295 1043 152
f 1039 1088 1056
f 1428 1266 1436
f 404 419 1117
f 836 879 2479
f 2464 2476 2458
f 1198 317 79
f 1124 939 301
f 44 754 567
f 1039 1056 1055
f 1439 1459 1458
f 1660 1412 986
f 1169 1160 1159
f 179 1155 126
f 1155 131 181
f 1061 1822 1177
f 1153 305 324
f 175 314 327
f 1160 1187 1159
f 1159 1187 1198
f 1198 1187 317
f 79 179 126
f 1043 250 392
f 152 1043 392
f 96 819 593
f 1123 1127 1169
f 317 179 79
f 1057 1155 179
f 1155 391 131
f 131 391 668
f 2381 1586 1585
f 12 69 499
f 262 398 1640
f 2107 2118 2060
f 2130 2094 2002
f 1187 249 317
f 1155 1057 391
f 1290 439 1265
f 305 239 107
f 1127 1160 1169
f 317 473 179
f 473 1057 179
f 83 1192 314
f 1043 1290 250
f 1807 940 1030
f 517 1084 445
f 1057 1164 391
f 2492 2480 2493
f 163 643 43
f 1056 1545 1303
f 1069 1655 1023
f 249 473 317
f 1162 1060 1170
f 1086 1118 1154
f 82 68 16
f 1989 1990 1536
f 1633 1632 1611
f 1487 2372 1305
f 1494 1069 1023
f 1137 1160 1127
f 669 1166 679
f 390 1285 426
f 1955 1972 1971
f 1219 1223 2437
f 1254 1261 1223
f 1319 1545 1056
f 1320 1328 2443
f 1261 1433 1223
f 1219 1254 1223
f 254 222 2428
f 1237 1290 1265
f 1284 1273 1263
f 1277 1291 1301
f 1314 102 1301
f 1280 363 377
f 1313 1353 1514
f 468 451 439
f 1918 1964 1956
f 2026 29 2140
f 1354 381 1279
f 1224 30 1254
f 147 158 173
f 1247 1253 274
f 1271 380 334
f 2043 2072 2042
f 274 300 267
f 1356 1392 211
f 13 240 1142
f 1382 1330 1392
f 1312 1323 155
f 240 1125 1142
f 2358 1573 1362
f 1236 1249 1244
f 1272 219 1348
f 1271 1274 380
f 191 2034 1982
f 1992 2052 1990
f 462 452 689
f 2262 2286 2261
f 183 489 1642
f 2485 2480 1869
f 84 111 1323
f 1190 353 1354
f 446 434 435
f 1336 171 1341
f 2021 430 2059
f 862 878 1120
f 1263 1273 1248
f 1966 1921 2144
f 1312 84 1323
f 240 13 1348
f 1359 1274 1271
f 1392 1330 1247
f 1520 1333 11
f 1368 1253 1247
f 1279 1285 1190
f 2465 990 2489
f 1272 1519 805
f 1369 1272 805
f 1317 95 1344
f 1242 1248 1234
f 1368 242 1363
f 274 1262 1386
f 532 597 1886
f 2117 2026 2140
f 1392 1247 274
f 2162 508 985
f 1964 1469 1965
f 1315 104 1331
f 1392 1356 1382
f 128 1342 1336
f 1285 427 426
f 1219 1224 1254
f 1320 1322 1321
f 1320 1321 1328
f 153 2443 1328
f 1321 153 1328
f 1235 1244 1243
f 1225 1224 1219
f 1359 353 1190
f 1312 1473 1458
f 1336 1342 147
f 305 1333 1038
f 1336 147 171
f 516 31 19
f 2479 2461 842
f 1237 1265 427
f 1263 1278 1284
f 881 1827 834
f 1237 427 1285
f 1299 1312 1458
f 1190 1285 1274
f 1363 286 1253
f 2330 2303 828
f 427 442 426
f 2493 2463 2492
f 1285 380 1274
f 522 18 1225
f 2471 2472 2488
f 2338 154 1321
f 1423 1415 1218
f 1225 18 1224
f 1253 286 1262
f 286 353 1359
f 171 1368 1383
f 1273 54 1234
f 1973 2447 527
f 1322 155 1321
f 1203 1369 1413
f 1307 363 1298
f 1364 1375 1329
f 1329 227 1306
f 296 1298 1343
f 947 2499 1447
f 1203 1047 1272
f 1098 1748 1123
f 1519 1272 1348
f 1277 70 1273
f 1282 1337 1361
f 286 302 353
f 103 104 1315
f 1377 435 434
f 1449 1261 1345
f 926 1310 806
f 1263 1248 1242
f 985 508 597
f 1415 1222 1218
f 88 1325 104
f 170 111 156
f 1384 1282 1361
f 274 1253 1262
f 1371 1317 1344
f 1371 1366 1337
f 1345 1459 1449
f 171 1383 1341
f 2438 1235 1227
f 2134 1582 2118
f 428 1260 1379
f 1336 1341 1325
f 1235 1242 1227
f 1228 1687 2284
f 1854 2140 2016
f 1866 1887 1873
f 1343 1298 1370
f 1384 1361 2440
f 171 242 1368
f 1344 1309 1366
f 1371 1344 1366
f 1280 1377 1293
f 200 1185 205
f 1330 1383 1368
f 1255 1264 1263
f 543 1367 1876
f 1343 1370 1260
f 1293 1326 1370
f 2440 1361 1302
f 1282 1384 2406
f 271 1337 1282
f 170 2338 1323
f 1528 1503 2470
f 515 1347 2453
f 1997 1705 1998
f 2285 1228 2284
f 1229 1250 1228
f 1330 1368 1247
f 1919 1619 2045
f 1344 1364 1335
f 1222 1240 1221
f 1212 858 1741
f 2388 1222 1221
f 1528 2470 2068
f 501 1308 2171
f 1295 1311 1487
f 2116 1619 1655
f 1220 1229 1228
f 8 663 573
f 1343 1260 428
f 1337 1366 1361
f 1298 1280 1293
f 1269 1345 1261
f 1279 381 1290
f 1230 1229 1220
f 1230 1245 1229
f 1245 1250 1229
f 1227 1234 31
f 1302 1361 1350
f 1245 1266 1428
f 1992 2023 2052
f 2482 2471 2475
f 452 462 461
f 271 1282 1275
f 1991 1989 1934
f 1366 1309 1350
f 1344 1335 1309
f 730 699 974
f 1374 1252 1208
f 597 508 1912
f 1363 1253 1368
f 1386 1271 300
f 1211 1218 1222
f 1376 1377 434
f 2399 2437 1211
f 1284 1291 1277
f 1230 1251 1245
f 1251 1266 1245
f 1317 1371 1337
f 1288 1286 1095
f 1095 1286 1352
f 1241 1208 1352
f 1241 1374 1208
f 1284 1278 1291
f 211 1392 267
f 1344 1375 1364
f 929 583 1028
f 1361 1366 1350
f 1115 1294 1639
f 1291 103 1301
f 1220 1231 1230
f 1231 1251 1230
f 1234 1248 1273
f 1255 55 1264
f 1360 1450 1702
f 363 1280 1298
f 1369 1203 1272
f 1415 1240 1222
f 1216 1231 1220
f 1243 1263 1235
f 1375 227 1329
f 1264 1278 1263
f 855 899 961
f 1286 1241 1352
f 2081 2128 2107
f 1223 1433 1423
f 1473 1312 155
f 154 153 1321
f 1377 1376 1293
f 1392 274 267
f 334 300 1271
f 1955 1991 1934
f 1613 1327 1288
f 1327 1286 1288
f 1349 1374 1241
f 2370 2025 2367
f 1315 1331 133
f 434 446 1256
f 1232 1251 1231
f 1243 1244 1255
f 1286 1304 1241
f 1349 1107 1374
f 1359 1271 1386
f 1227 516 2431
f 219 240 1348
f 1270 271 1275
f 1255 1263 1243
f 2026 1926 29
f 1683 2157 1212
f 1326 1293 1376
f 1255 32 55
f 104 1325 1341
f 519 2462 2475
f 2154 2161 2137
f 1376 434 1246
f 1246 434 1256
f 1257 1251 1232
f 1262 1359 1386
f 2195 2192 2186
f 1308 534 1226
f 2026 2117 544
f 1327 1613 1324
f 1327 1326 1286
f 1286 1326 1304
f 104 1341 1331
f 774 524 880
f 837 1517 534
f 1127 1123 1567
f 1279 1237 1285
f 1297 1381 1294
f 1217 1232 1216
f 1142 1519 13
f 1436 1267 1287
f 1324 1372 1327
f 1304 1246 1241
f 1246 1349 1241
f 1246 1373 1349
f 286 1359 1262
f 1382 1383 1330
f 1284 1277 1273
f 489 1998 1799
f 1675 1116 1075
f 106 1317 1337
f 1311 1295 1281
f 1292 1364 1329
f 1335 1364 1292
f 1334 1294 1115
f 1334 1297 1294
f 1300 1381 1297
f 973 842 2461
f 1217 1239 1232
f 1232 1239 1257
f 1258 1267 1436
f 1359 1190 1274
f 1862 1405 1877
f 1372 1339 1327
f 1339 1326 1327
f 1373 1351 1349
f 1276 1311 1281
f 1256 2386 1351
f 2 1109 1300
f 482 1731 520
f 803 1604 2022
f 1223 1218 1211
f 1341 1383 1382
f 1298 1293 1370
f 1190 1354 1279
f 1324 2398 1372
f 1714 1700 2173
f 183 2000 489
f 1701 1666 192
f 1227 1242 1234
f 1332 1289 1310
f 1517 2005 2130
f 1331 1341 1382
f 525 1249 1236
f 23 1268 1450
f 1264 1291 1278
f 1281 1287 1267
f 1295 1305 1287
f 1281 1295 1287
f 1487 1305 1295
f 1605 2097 2058
f 1326 1376 1304
f 1304 1376 1246
f 1316 1919 1984
f 2500 1949 2460
f 1332 1313 1289
f 2189 2181 2177
f 1335 1334 1353
f 1292 1297 1334
f 1428 1250 1245
f 969 958 952
f 1217 1233 1239
f 1233 1257 1239
f 1876 1367 1338
f 1379 1260 1372
f 1372 1260 1339
f 1128 1302 1310
f 1310 1302 1332
f 1335 1353 1313
f 1292 1334 1335
f 1297 1329 1300
f 1279 1290 1237
f 1301 103 1314
f 70 1301 102
f 23 1333 1268
f 380 1285 390
f 772 325 1275
f 1314 103 1315
f 2473 2458 2487
f 1276 1281 1267
f 1344 95 1375
f 2053 1771 1572
f 1246 1256 1373
f 1373 1256 1351
f 1340 1302 1128
f 1350 1313 1332
f 1329 1297 1292
f 2434 2473 2487
f 106 1337 271
f 23 471 1333
f 622 723 509
f 1388 1517 2127
f 1991 1990 1989
f 183 1636 1226
f 2133 1605 2151
f 1260 1370 1339
f 1339 1370 1326
f 867 1894 1902
f 390 426 412
f 1235 1263 1242
f 1399 1422 1233
f 305 11 1333
f 1300 1329 1306
f 1302 1350 1332
f 1350 1309 1313
f 1309 1335 1313
f 2470 2102 1502
f 1787 1531 1599
f 1724 1725 1691
f 1827 1601 1927
f 1678 1358 1476
f 1823 1812 1846
f 1805 1824 1708
f 1746 1676 1797
f 325 2395 429
f 1835 1677 1826
f 1507 1790 1722
f 1526 1672 858
f 158 147 1342
f 1462 1473 1322
f 1474 1414 1565
f 1761 1900 1877
f 940 1759 1008
f 1565 1015 1008
f 1924 1533 1933
f 1878 826 830
f 1565 1414 1015
f 1402 1088 1008
f 1538 1532 1651
f 1015 1552 1008
f 1538 1591 1474
f 1532 1538 1474
f 1474 1591 1414
f 1484 1402 1008
f 1552 1484 1008
f 1414 1460 1015
f 1015 1460 1552
f 806 1289 945
f 1597 1538 1659
f 1484 1319 1402
f 1056 1402 1319
f 1538 1597 1591
f 1591 960 1414
f 1414 960 1460
f 1925 1466 1455
f 1552 1400 1484
f 1484 1400 1319
f 1400 113 1319
f 1597 1580 1591
f 1460 1400 1552
f 1514 1441 966
f 1597 1659 1409
f 1657 113 1400
f 1460 1657 1400
f 1288 1095 1634
f 1551 1597 1409
f 1580 1598 1591
f 1591 1598 960
f 1536 1990 2031
f 960 1657 1460
f 1809 1746 1797
f 1423 1433 1432
f 2478 1362 1409
f 1463 1545 113
f 1657 1463 113
f 1457 1287 1305
f 1682 1716 1746
f 1434 1761 1885
f 1013 1139 1617
f 2379 1362 2478
f 1420 1597 1551
f 1420 1580 1597
f 1664 1808 1712
f 2256 2250 2231
f 1362 1551 1409
f 2196 2214 2213
f 1691 1725 1777
f 1626 192 1666
f 1534 1574 2058
f 1574 1600 1605
f 1600 1606 1605
f 1606 1641 1605
f 1573 1420 1551
f 1657 1485 1463
f 678 1806 1742
f 1534 1553 1574
f 1574 1575 1600
f 1810 2170 585
f 1623 1641 1606
f 1407 1657 960
f 1598 1407 960
f 1485 1142 1463
f 1716 1581 1676
f 1738 1743 1733
f 843 2064 835
f 1539 1575 1574
f 1553 1539 1574
f 1575 1592 1600
f 1592 1624 1606
f 1600 1592 1606
f 1642 585 1641
f 1623 1642 1641
f 1485 164 1142
f 1738 1516 1743
f 1809 1720 1798
f 1533 1535 1534
f 1592 1607 1624
f 1624 1623 1606
f 1163 566 1116
f 1407 1485 1657
f 1432 1449 1439
f 1100 802 2382
f 1743 1516 1722
f 1746 1716 1676
f 1535 1539 1534
f 1534 1539 1553
f 1642 1623 1624
f 1095 1208 1654
f 967 1407 1598
f 1580 967 1598
f 1809 1797 1720
f 1924 1524 1535
f 1533 1924 1535
f 1539 1576 1575
f 1642 216 585
f 1407 1529 1485
f 1485 1529 164
f 1472 1462 1482
f 1415 1431 1240
f 966 1194 714
f 383 1182 152
f 474 2337 446
f 1743 1841 1757
f 1486 1524 1924
f 1535 1525 1539
f 1575 1576 1592
f 1420 967 1580
f 1288 1634 1613
f 459 427 1265
f 1404 2179 1393
f 1404 1403 1800
f 1404 1410 1403
f 1410 1749 1403
f 1349 1351 218
f 1486 1498 1524
f 1535 1524 1525
f 1607 1636 1624
f 183 1642 1624
f 1636 183 1624
f 1107 1349 218
f 1351 845 218
f 164 1519 1142
f 845 413 218
f 1525 1576 1539
f 1576 1582 1592
f 1592 2134 1607
f 2134 1636 1607
f 2147 1491 1401
f 1407 1589 1529
f 1529 1519 164
f 1693 1763 1444
f 1924 1479 1486
f 1592 1582 2134
f 499 165 874
f 2176 1857 1959
f 2327 2368 2326
f 2358 821 953
f 953 821 1573
f 1824 1704 1464
f 1731 1358 1678
f 1394 1410 1404
f 1394 1418 1410
f 1466 1479 1839
f 1486 1479 1498
f 1498 1525 1524
f 1576 2080 1582
f 1785 1684 1898
f 804 398 802
f 804 925 398
f 1447 1562 2358
f 2358 1562 821
f 821 1620 1573
f 1620 1420 1573
f 1420 1556 967
f 1393 1394 1404
f 1525 2080 1576
f 1621 1420 1620
f 1621 1556 1420
f 967 1589 1407
f 1505 5 1357
f 1266 1258 1436
f 1393 1395 1394
f 2176 2175 1848
f 1455 1466 1839
f 1525 1540 2080
f 1582 2080 2118
f 1100 804 802
f 1556 1589 967
f 1589 1082 1529
f 1093 1685 1357
f 1504 1093 1357
f 1425 1418 1394
f 1475 1479 1466
f 1479 1506 1498
f 1789 1784 1730
f 2501 2465 2489
f 1438 1458 1430
f 1462 1458 1473
f 1454 805 1529
f 1082 1454 1529
f 1529 805 1519
f 1425 1394 1395
f 1425 1744 1418
f 1479 1475 1506
f 1540 2060 2080
f 1556 1082 1589
f 1443 945 1511
f 1506 1536 1498
f 1498 1536 1525
f 1525 1536 1540
f 1670 852 1672
f 1998 1388 1389
f 1511 966 1509
f 1509 966 714
f 1442 1443 1496
f 1562 1635 821
f 155 1322 1473
f 1439 1458 1438
f 1426 1425 1395
f 1475 1499 1506
f 1735 1588 1776
f 2422 2454 2421
f 1423 1432 1415
f 1559 2101 2073
f 845 866 413
f 1429 1620 821
f 1620 1429 1621
f 1228 1250 1687
f 1002 945 1443
f 2382 802 1083
f 1859 1411 1395
f 1411 1426 1395
f 1426 1744 1425
f 1590 1437 1483
f 1480 1475 1466
f 1480 1499 1475
f 1510 1733 1743
f 1663 1696 1658
f 1430 1453 1452
f 1452 1472 1471
f 1452 1471 1448
f 1430 1452 1421
f 1430 1421 1422
f 1429 1082 1556
f 1621 1429 1556
f 1351 2386 845
f 1126 1059 487
f 1639 1437 1563
f 1504 1928 1093
f 1499 1536 1506
f 1588 1770 1727
f 1110 1747 1397
f 1776 1588 1531
f 1322 1320 1482
f 1590 1629 1571
f 1730 1877 1838
f 1429 935 1082
f 1082 935 1454
f 804 1443 925
f 1139 1007 1639
f 1925 1480 1466
f 1934 1989 1480
f 1499 1989 1536
f 1727 1526 1531
f 1593 1614 502
f 2455 2431 2400
f 1755 1680 908
f 1563 1571 1564
f 1647 1078 1501
f 2490 1635 1106
f 1496 1511 717
f 2454 2431 516
f 1478 1153 1093
f 1870 1426 1411
f 1426 1723 1744
f 962 986 1412
f 717 1511 1509
f 1825 1704 1824
f 2225 2234 2253
f 1490 1557 1188
f 1635 80 821
f 805 1454 935
f 1186 706 695
f 1194 1161 714
f 1512 1007 1013
f 592 97 204
f 1258 1266 1257
f 82 1333 471
f 1694 1710 1505
f 1643 490 1661
f 1661 490 1114
f 1518 2068 2484
f 1750 1808 1664
f 1656 1635 2490
f 935 1521 805
f 1546 1629 1076
f 1301 70 1277
f 966 1441 1194
f 1148 1825 1824
f 1614 1609 1643
f 1114 1092 1921
f 1770 1739 1670
f 1631 1632 1646
f 821 1016 1429
f 1429 1016 935
f 1632 1095 1654
f 1083 262 688
f 1724 1686 1725
f 1644 490 1643
f 1092 1149 1921
f 3 893 1832
f 988 1640 1188
f 916 1107 284
f 1656 80 1635
f 1016 821 80
f 1016 1521 935
f 1478 1202 1153
f 1401 1928 29
f 1440 1478 1928
f 1849 1700 1865
f 1595 1611 1612
f 1208 198 341
f 1464 1704 1746
f 2143 984 1721
f 1848 1849 1868
f 1662 1114 490
f 1669 1787 1682
f 1656 1618 80
f 198 1208 916
f 1440 1928 1401
f 1521 1369 805
f 1252 1107 916
f 1745 678 1672
f 1703 1779 1721
f 1750 1465 1808
f 1609 1644 1643
f 1092 1114 1662
f 1826 1523 1793
f 2262 2261 2224
f 1696 2166 1767
f 1016 1648 1521
f 1208 1252 916
f 833 688 1067
f 1794 1803 1558
f 28 17 512
f 1750 861 1566
f 1594 1644 1609
f 1644 1645 490
f 490 1645 1662
f 2229 2262 2224
f 1602 861 1760
f 1530 1777 1760
f 872 1706 1673
f 1696 1668 2166
f 1708 1809 1798
f 1581 1716 1814
f 1709 1794 1680
f 1233 1421 1257
f 1724 1476 1686
f 1469 1481 1965
f 1965 1481 1492
f 2073 1549 1559
f 1594 1615 1644
f 1799 1706 1755
f 1725 1686 1837
f 1720 1797 1572
f 1618 2467 2022
f 1618 1579 80
f 1648 1016 80
f 2134 2152 1636
f 1611 1632 1631
f 1761 1434 1470
f 1559 1577 1594
f 1603 1615 1594
f 1615 1645 1644
f 1637 1662 1645
f 1662 1199 1092
f 1199 1149 1092
f 1451 1108 1149
f 665 734 756
f 1865 1700 1714
f 1709 1841 1794
f 1618 2022 1579
f 1648 1413 1369
f 1521 1648 1369
f 1520 11 1401
f 1446 1470 1434
f 1798 1691 1754
f 2063 1544 2073
f 2073 1544 1549
f 1594 1577 1603
f 1615 1637 1645
f 1637 1199 1662
f 1427 1149 1199
f 2167 1108 1451
f 1997 1673 1705
f 1706 1799 1705
f 1841 1709 1757
f 1604 1579 2022
f 1579 707 80
f 80 707 1648
f 1520 1401 1491
f 1649 1520 1491
f 1435 1434 1885
f 1470 1469 1461
f 1481 1508 2024
f 2370 1544 2063
f 1549 1568 1559
f 1559 1568 1577
f 1603 1610 1615
f 1615 1610 1637
f 999 1199 1637
f 1451 1149 1427
f 1137 1825 1148
f 1706 1705 1673
f 1138 1604 2116
f 1138 1579 1604
f 1413 1648 707
f 2360 2024 1508
f 598 1075 1116
f 229 93 1468
f 1839 1479 1684
f 2216 2229 2224
f 1610 1625 1637
f 329 999 1637
f 1199 1017 1427
f 1017 303 1427
f 303 1451 1427
f 1792 1754 1777
f 2309 2391 2301
f 1655 1138 2116
f 1138 707 1579
f 1649 1491 206
f 1406 1885 1398
f 1406 1419 1885
f 1419 1435 1885
f 1434 1435 1446
f 1470 1481 1469
f 1577 1583 1603
f 999 1017 1199
f 81 67 941
f 67 1650 941
f 1259 1815 2164
f 1619 2116 2045
f 1424 707 1138
f 1702 1649 206
f 1687 1406 1398
f 1477 1481 1470
f 1568 1569 1577
f 1577 1569 1583
f 1603 1583 1610
f 1625 329 1637
f 2167 340 273
f 81 273 340
f 81 962 67
f 1547 1619 1488
f 1830 1739 1770
f 938 1424 1138
f 1424 1413 707
f 1527 1649 1702
f 1527 1520 1649
f 1527 1268 1520
f 1250 1406 1687
f 1441 1353 1115
f 1203 1413 1051
f 1250 1419 1406
f 1477 2372 1481
f 1481 2372 1508
f 2449 1560 1568
f 1549 2449 1568
f 1568 1560 1569
f 1569 1584 1583
f 1652 329 1625
f 329 817 999
f 285 1017 999
f 303 10 1451
f 10 2167 1451
f 1412 1650 67
f 1412 1488 1650
f 1547 1023 1619
f 1023 1655 1619
f 1655 938 1138
f 1456 1413 1424
f 1457 1470 1446
f 1457 1477 1470
f 329 1652 817
f 10 340 2167
f 938 1546 1424
f 1546 1456 1424
f 1259 1548 1779
f 2052 2031 1990
f 1440 1202 1478
f 1428 1419 1250
f 1428 1435 1419
f 1428 1446 1435
f 1934 1935 1955
f 1560 1584 1569
f 1610 1638 1625
f 1638 1652 1625
f 817 1077 999
f 1077 285 999
f 980 303 1017
f 962 1412 67
f 1494 1023 1547
f 325 271 1270
f 1443 1511 1496
f 1450 1268 1527
f 1514 1353 1441
f 1287 1446 1428
f 1446 1287 1457
f 1305 2372 1477
f 1992 1990 1991
f 1992 1991 1971
f 1971 1991 1955
f 2449 1549 2418
f 1583 1616 1610
f 1610 1616 1638
f 10 1396 340
f 340 1445 81
f 1445 962 81
f 1790 984 1753
f 984 2148 1753
f 1588 1713 1770
f 969 978 958
f 1741 1779 1703
f 1758 1846 1754
f 1827 1819 1029
f 1818 1530 1712
f 1750 1566 2127
f 2459 2434 2483
f 1798 1720 1771
f 1794 1841 1803
f 216 1755 1810
f 1098 1735 1748
f 1735 1497 1748
f 1502 2102 1601
f 881 1502 1601
f 1455 1839 1744
f 1706 1709 1680
f 1212 1741 1703
f 1788 1969 1671
f 1075 1074 1692
f 951 2500 881
f 2490 2486 2463
f 1748 1497 1781
f 1721 984 1840
f 1815 1259 1741
f 1626 1756 1837
f 975 987 1542
f 2230 2236 2235
f 1772 678 734
f 1542 1671 975
f 1806 1772 1780
f 678 1772 1806
f 2218 2225 2268
f 1828 1732 2007
f 1526 1688 1531
f 1752 1526 1554
f 1844 1818 1712
f 1823 1846 1804
f 1781 1669 1704
f 1721 1779 2143
f 1770 1670 1526
f 1497 1669 1781
f 1098 1713 1735
f 1742 1815 1741
f 1526 858 1875
f 1599 1531 1688
f 1803 1790 1558
f 1703 1721 1683
f 1832 1766 957
f 1542 1679 1671
f 1679 1788 1671
f 1927 1819 1827
f 1718 1745 1739
f 1684 1022 1839
f 1459 1283 1299
f 1022 1410 1418
f 2368 2393 2326
f 1669 1497 1776
f 1875 858 1212
f 1739 1745 852
f 1964 1918 1461
f 1356 133 1331
f 1765 1829 1468
f 858 1742 1741
f 1006 1674 1021
f 1723 1936 1935
f 1468 1713 1098
f 1724 1678 1476
f 1680 1783 908
f 1731 1543 520
f 1683 1721 1840
f 1467 1679 1542
f 1812 1708 1846
f 1679 1975 1788
f 1713 1830 1770
f 1803 1722 1790
f 2301 2391 2349
f 1713 1588 1735
f 1836 1530 1818
f 1837 1756 861
f 886 571 556
f 1181 1805 1812
f 1706 1680 1755
f 1677 1729 1775
f 1776 1787 1669
f 1526 1670 1672
f 1727 1770 1526
f 987 1467 1542
f 1567 1704 1137
f 1693 1865 1714
f 897 1762 912
f 1135 1697 1062
f 1697 376 1062
f 1543 1731 1678
f 1793 1679 1467
f 1777 1602 1760
f 1846 1798 1754
f 1835 1096 1677
f 1033 1030 940
f 1450 1527 1702
f 1717 376 1697
f 1711 1717 1697
f 1717 165 376
f 1840 984 1790
f 1669 1746 1704
f 1669 1682 1746
f 2301 2349 2308
f 1882 1444 1898
f 1820 1789 1730
f 861 1380 1566
f 2301 2308 2266
f 1771 1543 1691
f 1958 1659 1651
f 1697 1360 1711
f 1711 1737 1717
f 1717 1737 165
f 1790 1753 1558
f 1668 1696 1663
f 1360 1702 1711
f 1702 1707 1711
f 1707 1737 1711
f 1737 1751 165
f 1444 1782 1693
f 1716 1787 1599
f 1744 1839 1022
f 1898 1444 1785
f 206 1707 1702
f 1764 2468 1751
f 316 1844 893
f 893 1844 915
f 1845 1804 1758
f 1380 861 1756
f 1780 670 1021
f 1714 2172 1763
f 1783 1558 1663
f 1750 2127 1465
f 1798 1771 1691
f 1691 1543 1724
f 1872 1910 839
f 1737 2044 1751
f 1751 2044 1764
f 1757 1701 482
f 1725 1602 1777
f 1836 1845 1530
f 2102 2470 1503
f 2496 1899 544
f 763 2484 946
f 987 1719 1467
f 1845 1758 1792
f 1725 1837 1602
f 1872 1866 1873
f 1712 1530 1760
f 489 1799 216
f 1760 861 1750
f 2068 2466 2460
f 1696 2159 2168
f 377 1377 1280
f 1797 1676 1572
f 1581 2053 1572
f 1676 1581 1572
f 1764 2498 2468
f 2468 2498 1994
f 1861 1695 1860
f 2481 2004 2495
f 1826 1677 1523
f 1670 1739 852
f 2234 2269 2253
f 1724 1543 1678
f 1658 2168 1791
f 1397 1747 1719
f 1696 2168 1658
f 979 519 272
f 1774 1975 1679
f 975 1671 932
f 1787 1716 1682
f 1835 1826 1747
f 2501 2469 961
f 1810 908 1791
f 1982 1768 191
f 1137 1704 1825
f 1804 1846 1758
f 2004 2044 1737
f 913 1969 902
f 2498 1795 1801
f 915 1844 1712
f 1689 915 1712
f 1740 1752 1541
f 695 661 199
f 1865 1693 1782
f 1824 1464 1809
f 1829 1765 1718
f 1816 1768 1982
f 1816 1622 1768
f 1622 2165 1681
f 1768 1622 1681
f 670 1772 228
f 1283 1459 52
f 1785 1444 1749
f 1675 1075 1685
f 1567 1781 1704
f 1858 1857 1848
f 1526 1752 1688
f 1791 2160 1810
f 908 1658 1791
f 1813 1773 1558
f 1845 1792 1530
f 69 376 165
f 3 1832 1834
f 1722 1516 1507
f 1801 1821 1994
f 1833 1982 2046
f 1821 1833 2046
f 1833 1816 1982
f 1022 1785 1749
f 2160 2170 1810
f 1147 1719 1726
f 1683 1840 1507
f 1467 1719 1793
f 1795 1802 1801
f 1802 1811 1801
f 1801 1811 1821
f 1690 2165 1622
f 1934 1480 1925
f 229 1468 1091
f 1780 2164 1742
f 1672 1742 858
f 1833 1417 1816
f 1417 1622 1816
f 1831 2165 1690
f 1668 1663 1558
f 1719 1747 1826
f 1760 1750 1664
f 1817 1690 1622
f 1530 1792 1777
f 948 1796 1802
f 1796 1811 1802
f 1515 1817 1622
f 1695 1861 1831
f 1783 1663 1658
f 1749 1410 1022
f 854 1796 948
f 1811 1842 1833
f 1821 1811 1833
f 1833 1842 1417
f 1622 1417 1515
f 127 1804 1845
f 1686 1626 1837
f 1608 1690 1817
f 1523 1775 1762
f 127 1845 1836
f 1812 1805 1708
f 1523 1677 1775
f 1780 1772 670
f 1758 1754 1792
f 1204 1796 854
f 1822 1842 1811
f 1608 1831 1690
f 1822 1811 1796
f 1842 1416 1417
f 1417 1416 1515
f 1515 1608 1817
f 1728 1831 1608
f 908 1783 1658
f 127 1836 316
f 1805 1148 1824
f 852 1745 1672
f 1478 1093 1928
f 1822 1843 1842
f 1843 959 1842
f 1842 959 1416
f 1728 1695 1831
f 1728 1860 1695
f 2346 446 2337
f 1602 1837 861
f 1087 1096 1835
f 1708 1824 1809
f 2004 1737 505
f 1567 1748 1781
f 520 1543 1883
f 1760 1664 1712
f 128 1336 72
f 2053 1883 1543
f 1822 180 1843
f 1786 1608 1515
f 929 2462 519
f 512 2402 506
f 1212 1703 1683
f 1830 1829 1739
f 2053 1543 1771
f 1416 1769 1515
f 1769 1786 1515
f 1786 1728 1608
f 1712 1808 1689
f 1794 1558 1783
f 1497 1735 1776
f 1127 1567 1137
f 1123 1748 1567
f 36 205 1185
f 959 1734 1416
f 1738 1733 1541
f 1774 1762 1974
f 1752 1554 1541
f 1752 1740 1688
f 1526 1875 1554
f 1468 1829 1830
f 1755 908 1810
f 1716 1599 1814
f 1806 1780 1742
f 2308 2349 2340
f 1832 915 1689
f 1713 1468 1830
f 1814 1599 1346
f 1832 1689 1766
f 1022 1684 1785
f 1093 1153 1116
f 1672 678 1742
f 1675 1685 1093
f 1841 1743 1722
f 1814 2053 1581
f 1464 1746 1809
f 2485 2497 2493
f 1416 1734 1769
f 1665 1728 1786
f 1665 1951 1728
f 1951 1860 1728
f 1951 2094 1860
f 1844 1836 1818
f 316 1836 1844
f 1776 1531 1787
f 1719 1826 1793
f 2147 1401 29
f 2111 2121 1548
f 1741 1259 1779
f 1843 347 1834
f 1843 1734 959
f 1766 1769 1734
f 957 1766 1734
f 1766 1786 1769
f 1766 1689 1786
f 1689 1665 1786
f 1754 1691 1777
f 1507 1840 1790
f 1761 1470 1461
f 1523 1679 1793
f 1091 1468 1098
f 1820 1730 1838
f 1843 1834 1734
f 1808 1951 1665
f 1588 1727 1531
f 893 915 1832
f 1523 1774 1679
f 272 2488 710
f 1093 1116 1675
f 2340 2349 2348
f 1832 1734 1834
f 1832 957 1734
f 1951 1808 2094
f 1685 1692 1505
f 1043 295 698
f 2143 1779 2121
f 1689 1808 1665
f 1693 1714 1763
f 1738 2157 1516
f 1114 1921 236
f 1268 1333 1520
f 1149 1108 431
f 508 2144 1912
f 1957 1108 1537
f 431 1108 1957
f 1018 1108 2167
f 1338 1957 1681
f 2163 1957 1338
f 1983 1390 2093
f 30 557 37
f 1714 2173 2172
f 1983 1984 1390
f 1984 2065 1390
f 884 1762 897
f 2065 1984 1214
f 1950 1974 1762
f 884 1950 1762
f 2012 1698 1861
f 1214 2116 803
f 1950 1938 1974
f 1938 1967 1974
f 1900 1761 1461
f 865 1929 884
f 884 1929 1950
f 2062 2071 2042
f 919 1985 1732
f 1593 502 2146
f 1995 1213 2098
f 1522 2476 1651
f 2174 1849 2175
f 1480 1989 1499
f 1929 1938 1950
f 1605 2058 1574
f 2097 1605 2133
f 1912 2014 1886
f 2092 2082 2083
f 206 1930 505
f 2101 2100 2092
f 2073 2101 2092
f 839 1910 865
f 1910 1901 1929
f 865 1910 1929
f 1967 1788 1975
f 2073 2092 2063
f 2101 1593 2100
f 2015 1876 1698
f 1853 1884 2014
f 1831 1698 2165
f 1316 273 81
f 1901 1920 1929
f 1929 1920 1938
f 1920 1968 1967
f 1938 1920 1967
f 1849 2174 1700
f 2173 1700 2174
f 2062 2072 2091
f 803 2467 2059
f 2239 1736 2240
f 1505 1357 1685
f 1358 1686 1476
f 1967 1968 1788
f 1968 1969 1788
f 2065 2110 2156
f 2065 1214 2110
f 2110 1214 503
f 273 2093 1018
f 273 1983 2093
f 532 1886 2155
f 2034 2021 1947
f 216 1810 585
f 1912 543 2014
f 1390 2051 1537
f 1872 1873 1910
f 1984 2045 1214
f 597 1912 1886
f 1593 2146 2100
f 2071 2062 2090
f 2034 2046 1982
f 2034 1947 2046
f 1214 2045 2116
f 1873 1887 1910
f 1887 1901 1910
f 1562 1447 1106
f 2163 431 1957
f 1948 1972 1936
f 1972 1948 1992
f 2014 2015 2013
f 1853 2014 2013
f 1550 1884 1853
f 1947 2468 1994
f 1355 1550 2154
f 1355 1884 1550
f 2081 2108 2128
f 2024 1965 1492
f 2024 2032 1965
f 2116 1604 803
f 1901 1911 1920
f 1939 1968 1920
f 1911 1939 1920
f 872 1626 1666
f 2062 2091 2120
f 1819 1927 1759
f 1021 1674 1780
f 872 1673 1756
f 1550 501 2171
f 1378 1550 2171
f 2146 2162 2145
f 1358 482 192
f 2109 2120 2119
f 1866 1872 2227
f 1391 2012 1860
f 2136 2137 2161
f 2162 1661 236
f 1887 1894 1901
f 1901 1894 1911
f 505 1707 206
f 2120 2137 2136
f 2142 2164 1674
f 1860 2012 1861
f 1894 1939 1911
f 2080 2060 2118
f 2162 236 508
f 2164 1815 1742
f 1018 2093 1537
f 2154 1378 2161
f 2041 2098 2491
f 2043 2042 2032
f 1108 1018 1537
f 1465 2094 1808
f 502 1643 1661
f 2467 1618 1656
f 2119 2136 2135
f 2119 2108 2071
f 878 1183 1195
f 2101 1594 1593
f 2033 2370 2063
f 2482 2491 2098
f 1282 2406 1275
f 2003 1948 1956
f 2043 2032 2024
f 2025 2043 2024
f 2154 1550 1378
f 1795 2498 1764
f 2142 1548 2164
f 2431 2454 2422
f 1981 2011 1993
f 2349 2391 2362
f 502 2162 2146
f 2025 2024 2360
f 2129 2120 2091
f 1732 1985 2007
f 2171 1308 209
f 1930 1995 2041
f 1390 1238 2051
f 1866 1878 1887
f 1878 1894 1887
f 1965 2032 2011
f 874 2480 2492
f 2071 2108 2069
f 1358 1731 482
f 430 2021 2034
f 1965 2003 1964
f 1855 1889 831
f 1668 1773 2150
f 1390 2156 1238
f 898 869 1903
f 2391 2407 2362
f 2121 2111 2074
f 1548 1259 2164
f 2099 2129 2091
f 1550 1853 501
f 1853 1852 501
f 952 2017 969
f 2085 2121 2074
f 2130 2006 1391
f 2144 1367 543
f 2100 2146 2099
f 1545 1319 113
f 1903 1922 898
f 1922 1931 898
f 585 2170 1641
f 2007 2017 952
f 2017 2074 969
f 1558 1753 1813
f 837 2005 1517
f 2005 2006 2130
f 1532 1474 1528
f 2003 1981 1948
f 2070 2071 2069
f 1922 919 1931
f 2017 2085 2074
f 2085 2104 2121
f 2100 2099 2082
f 2156 2110 2034
f 505 2474 2004
f 1903 871 1922
f 1922 1952 919
f 919 1952 1985
f 1985 2001 2007
f 2001 2036 2017
f 2007 2001 2017
f 2017 2036 2085
f 2036 2047 2085
f 2047 2075 2085
f 2075 2104 2085
f 1948 1993 2023
f 2400 2422 2407
f 2011 2070 1993
f 2033 2043 2025
f 2012 2015 1698
f 1876 1338 2165
f 871 1940 1922
f 1985 1976 2001
f 2121 2104 2143
f 1051 1413 1456
f 2358 1362 2379
f 1859 1789 1870
f 2090 2109 2071
f 1405 1398 1885
f 1886 1884 1355
f 1922 1960 1952
f 1952 1960 1985
f 1960 1976 1985
f 1956 1948 1936
f 2135 209 2128
f 2157 1875 1212
f 2160 2168 2169
f 1900 1461 1918
f 2001 2018 2036
f 2075 2086 2104
f 2111 2142 2103
f 1937 1956 1936
f 2023 2070 2061
f 2135 2128 2108
f 2042 2071 2011
f 2138 413 2383
f 2033 2072 2043
f 1922 1940 1960
f 2070 2069 2061
f 2069 2108 2061
f 2108 2119 2135
f 1855 1904 1889
f 1889 1904 871
f 871 1904 1940
f 1976 2018 2001
f 2036 2018 2047
f 2122 2143 2104
f 216 1642 489
f 2148 984 2143
f 1975 1974 1967
f 2157 1683 1516
f 1614 1593 1594
f 2269 2270 2276
f 1926 2147 29
f 2082 2091 2072
f 430 503 2059
f 1904 1905 1940
f 1940 1961 1960
f 1961 1976 1960
f 2087 2086 2075
f 2065 2156 1390
f 1820 1838 1900
f 534 1308 837
f 2167 273 1018
f 831 1850 1855
f 2019 2037 2018
f 2018 2037 2047
f 2037 2075 2047
f 2086 2095 2104
f 2095 2122 2104
f 2122 2148 2143
f 1926 1213 1995
f 1405 1885 1761
f 2006 2013 2012
f 2211 2233 2216
f 1855 1890 1904
f 1904 1895 1905
f 1905 1932 1940
f 1961 1977 1976
f 1976 1986 2018
f 2484 2476 1518
f 1870 1411 1859
f 1548 2142 2111
f 1904 1890 1895
f 1895 1932 1905
f 1940 1932 1961
f 1976 1977 1986
f 1986 2008 2018
f 2018 2008 2019
f 2087 2075 2037
f 2087 2095 2086
f 2094 1391 1860
f 1852 1853 2006
f 1853 2013 2006
f 929 979 850
f 1855 1874 1890
f 2008 2028 2019
f 1993 2070 2023
f 1705 1799 1998
f 1491 2147 206
f 1851 1856 1855
f 1895 1890 1874
f 2038 2019 2028
f 2038 2048 2037
f 2019 2038 2037
f 2048 2067 2087
f 2037 2048 2087
f 2087 2067 2095
f 2095 2149 2122
f 2149 2148 2122
f 1308 2005 837
f 209 1308 1387
f 1601 2102 1927
f 254 170 201
f 1800 1403 1763
f 1510 1346 1740
f 870 871 1903
f 1919 1650 1619
f 2148 1667 1753
f 1932 1923 1961
f 1977 1953 1986
f 2067 2112 2095
f 2112 2149 2095
f 2148 2149 1667
f 2422 2421 2407
f 1926 2026 1213
f 1912 2144 543
f 2128 1387 2153
f 1733 1510 1740
f 990 853 2489
f 503 1214 803
f 1921 431 2163
f 2146 2145 2129
f 2144 1921 2163
f 1855 1856 1874
f 1895 1923 1932
f 1923 1941 1961
f 1961 1941 1977
f 2048 2076 2067
f 2076 2113 2067
f 2067 2113 2112
f 1723 1900 1937
f 1870 1900 1723
f 1367 2163 1338
f 520 1346 1510
f 1698 1831 1861
f 1984 1919 2045
f 1895 1891 1923
f 2008 1986 2028
f 1948 1981 1993
f 1883 1346 520
f 1883 1814 1346
f 1930 206 2147
f 2499 2486 1447
f 1891 1906 1923
f 1923 1953 1941
f 1953 1977 1941
f 1953 1987 1986
f 2113 2123 2112
f 2123 2149 2112
f 1387 1308 1226
f 1599 1688 1346
f 2093 1390 1537
f 2003 2011 1981
f 1987 2028 1986
f 2038 2049 2048
f 2048 2049 2076
f 1813 1667 2149
f 2123 1813 2149
f 1461 1469 1964
f 1757 1510 1743
f 505 1930 1999
f 2223 1784 1789
f 1532 1522 1651
f 1906 1913 1923
f 1913 1943 1923
f 1943 1942 1923
f 1923 1942 1953
f 1942 1987 1953
f 1308 1852 2005
f 2053 1814 1883
f 1733 1740 1541
f 2154 1886 1355
f 1503 1528 1474
f 1874 1879 1895
f 1895 1879 1891
f 2076 2124 2113
f 2113 2124 2123
f 1896 1891 1879
f 1891 1896 1906
f 1942 1962 1987
f 1962 2009 2028
f 1987 1962 2028
f 2009 2038 2028
f 2109 2119 2071
f 1918 1956 1937
f 1851 1864 1856
f 1896 1897 1906
f 1906 1897 1913
f 1943 1962 1942
f 2049 2077 2076
f 2124 2125 2123
f 1930 2147 1926
f 1902 1894 1878
f 482 1510 1757
f 2129 2137 2120
f 503 803 2059
f 1847 1857 1851
f 1851 1857 1864
f 2039 2038 2009
f 2038 2039 2049
f 2076 2077 2124
f 2150 1813 2123
f 482 520 1510
f 1994 1821 2046
f 2044 2004 1764
f 1864 1867 1856
f 1867 1874 1856
f 1897 1944 1913
f 1943 1944 1962
f 2124 2126 2125
f 2150 2123 2125
f 2099 2146 2129
f 2041 1995 2098
f 1605 1641 2151
f 1847 1959 1857
f 1874 1867 1879
f 1913 1944 1943
f 1944 1963 1962
f 2077 2096 2124
f 2096 2126 2124
f 2126 2150 2125
f 941 1650 1919
f 2135 2136 209
f 1884 1886 2014
f 2049 2029 2077
f 1388 2127 1389
f 1389 2127 1566
f 1930 1926 1995
f 941 1919 1316
f 2110 503 430
f 1867 1880 1879
f 1879 1880 1896
f 1897 1907 1944
f 1963 1978 1962
f 1962 1978 2009
f 2039 2029 2049
f 2077 2078 2096
f 822 823 827
f 2166 1668 2150
f 81 941 1316
f 2204 2216 2203
f 2011 2071 2070
f 1880 1892 1896
f 1892 1907 1897
f 1896 1892 1897
f 1907 1914 1944
f 1978 2010 2009
f 2010 2039 2009
f 1688 1740 1346
f 1789 1820 1870
f 2130 1391 2094
f 1944 1945 1963
f 2029 2078 2077
f 1767 2150 2126
f 1767 2166 2150
f 803 2022 2467
f 1503 1927 2102
f 1914 1954 1944
f 1944 1954 1945
f 1963 1970 1978
f 2078 2105 2096
f 2105 2126 2096
f 1965 2011 2003
f 192 1626 1358
f 2101 1559 1594
f 1930 2041 1999
f 1698 1876 2165
f 1398 1871 891
f 2165 1338 1681
f 1970 2010 1978
f 2010 2030 2029
f 2039 2010 2029
f 2030 2055 2078
f 2029 2030 2078
f 1849 1848 2175
f 1871 1862 891
f 543 2015 2014
f 1857 1858 1864
f 1864 1858 1867
f 1963 1945 1970
f 2055 2088 2078
f 2078 2088 2105
f 2105 2131 2126
f 2126 2131 1767
f 2063 2083 2033
f 2161 2171 209
f 2032 2042 2011
f 1813 2150 1773
f 1914 1908 1954
f 1970 1979 2010
f 2088 2131 2105
f 2015 543 1876
f 1694 1692 1048
f 1395 2207 1859
f 1395 1393 2207
f 1730 1784 1736
f 2500 2466 2470
f 1709 1701 1757
f 1945 1979 1970
f 2030 2050 2055
f 2350 2317 2286
f 2154 2155 1886
f 871 860 1889
f 2161 209 2136
f 2497 2463 2493
f 2190 2204 2203
f 1800 2179 1404
f 2477 2469 1385
f 1385 1715 2477
f 2128 209 1387
f 1858 1868 1867
f 1867 1881 1880
f 1893 1892 1880
f 1881 1893 1880
f 1893 1907 1892
f 1907 1908 1914
f 1954 1979 1945
f 1979 1980 2010
f 2131 2159 1767
f 1765 93 339
f 1761 1877 1405
f 523 1347 515
f 1541 2157 1738
f 2144 2163 1367
f 1380 1389 1566
f 2317 2392 2316
f 1994 2498 1801
f 1867 1868 1881
f 1980 2050 2030
f 2010 1980 2030
f 2050 2089 2055
f 2055 2089 2088
f 2088 2114 2131
f 1538 1651 1659
f 2145 2155 2129
f 2140 29 1928
f 2370 2033 2025
f 2252 2239 2240
f 2239 2252 1862
f 2392 2391 2316
f 2469 2501 1385
f 2477 1715 1710
f 502 1614 1643
f 2438 1227 2431
f 1915 1907 1893
f 1915 1908 1907
f 1954 1908 1979
f 1908 1988 1979
f 1979 1988 1980
f 2114 2159 2131
f 2155 2154 2129
f 508 1966 2144
f 872 1756 1626
f 1710 1715 1505
f 236 1966 508
f 2272 2284 1398
f 2325 2355 2319
f 1548 2121 1779
f 1532 1528 1522
f 1980 2056 2050
f 2050 2056 2089
f 2013 2015 2012
f 1964 2003 1956
f 2006 2012 1391
f 1565 1927 1503
f 2244 2243 2226
f 5 1715 1385
f 1858 1848 1868
f 1915 1946 1908
f 1946 1988 1908
f 1980 2020 2056
f 2115 2159 2114
f 2092 2083 2063
f 1398 2284 1687
f 2162 2155 2145
f 519 2475 2488
f 2158 5 1385
f 5 1505 1715
f 1692 1694 1505
f 1988 2020 1980
f 2115 2169 2159
f 2169 2168 2159
f 2083 2082 2072
f 1316 1984 1983
f 1488 1619 1650
f 2083 2072 2033
f 2361 1210 1233
f 1933 1946 1915
f 2056 2079 2089
f 2088 2115 2114
f 2099 2091 2082
f 2162 532 2155
f 1852 2006 2005
f 2023 2061 2052
f 2176 2184 2175
f 2162 985 532
f 1909 1893 1881
f 1909 1915 1893
f 1988 2040 2020
f 2040 2056 2020
f 2089 2079 2088
f 2088 2079 2115
f 1782 1444 1882
f 1216 1215 2320
f 867 1939 1894
f 867 903 1939
f 1372 2398 1379
f 1863 504 2027
f 2158 1385 504
f 1868 1782 1881
f 1909 1933 1915
f 2040 1988 1946
f 1481 2024 1492
f 2120 2136 2119
f 1522 1528 1518
f 1871 1398 1405
f 1221 1408 1399
f 1357 5 2158
f 2179 1800 1763
f 1868 1865 1782
f 1882 1881 1782
f 1882 1909 1881
f 2040 2057 2056
f 2106 2079 2056
f 2057 2106 2056
f 2106 2132 2079
f 2132 2115 2079
f 2115 2132 2169
f 532 985 597
f 2092 2100 2082
f 1210 1221 1399
f 1399 1233 1210
f 2130 2002 1517
f 1849 1865 1868
f 1933 2040 1946
f 52 1269 30
f 1667 1813 1753
f 1997 1380 1673
f 940 1008 1088
f 1947 1994 2046
f 1882 1916 1909
f 1924 1933 1909
f 1533 2040 1933
f 1533 1534 2040
f 2058 2040 1534
f 2058 2057 2040
f 1238 191 1768
f 1997 1389 1380
f 1875 1541 1554
f 1854 504 1863
f 1854 2158 504
f 2396 1275 2406
f 2426 2443 153
f 1916 1924 1909
f 1925 1935 1934
f 1870 1723 1426
f 2058 2097 2057
f 2097 2106 2057
f 2132 2151 2169
f 2151 2160 2169
f 1106 1635 1562
f 1957 1768 1681
f 1957 2051 1768
f 526 535 33
f 1614 1594 1609
f 2233 2229 2216
f 2496 2027 2084
f 2496 1863 2027
f 2117 1854 1863
f 2016 2158 1854
f 2016 1504 1357
f 2158 2016 1357
f 1114 236 1661
f 2129 2154 2137
f 2133 2106 2097
f 2491 1999 2041
f 2051 1238 1768
f 2061 2108 2081
f 2189 2195 2186
f 2348 2349 2362
f 1701 192 482
f 505 1737 1707
f 2133 2132 2106
f 2132 2133 2151
f 2151 2170 2160
f 502 1661 2162
f 1998 1389 1997
f 2297 2352 2329
f 2352 2364 2329
f 2394 2414 2364
f 2352 2394 2364
f 2402 512 2415
f 2255 2254 2243
f 2446 1365 2456
f 2271 2282 2298
f 846 2283 2264
f 2293 2310 2318
f 2254 2295 2294
f 2283 2290 2278
f 2270 2294 2293
f 2423 2455 2400
f 2281 2287 2267
f 2190 2191 2204
f 2271 2263 2282
f 2334 2329 2364
f 2424 2432 2409
f 2282 2263 2298
f 1409 1659 1958
f 2263 2302 2298
f 2297 2329 2296
f 1256 446 2346
f 1958 2502 2478
f 2437 2399 2444
f 263 2366 2359
f 849 827 823
f 2311 2325 2290
f 2499 2379 2434
f 2446 2456 2423
f 947 2358 2379
f 2499 947 2379
f 2205 2195 2212
f 2245 2237 2227
f 2245 2256 2237
f 2256 2263 2271
f 556 571 2305
f 1528 2068 1518
f 2424 2439 2432
f 2302 2352 2297
f 1866 2237 826
f 2248 2242 2211
f 2334 2364 2363
f 2235 2244 2226
f 2255 2295 2254
f 2329 2324 2296
f 2439 2447 1973
f 2329 2334 2324
f 2409 2432 2414
f 2293 2318 2276
f 866 2425 2416
f 1487 1493 2372
f 2237 2231 2230
f 2415 512 17
f 2035 1236 26
f 921 2138 688
f 2491 2482 2462
f 6 181 197
f 2481 948 1795
f 2138 2383 2382
f 2377 2394 2352
f 2377 506 2394
f 2394 506 2402
f 2401 2402 2415
f 2394 2402 2401
f 2318 2326 2276
f 2439 2457 2432
f 2298 2302 2297
f 2244 2249 2243
f 2404 1100 2382
f 2238 2245 2227
f 2245 2257 2256
f 2257 2263 2256
f 2324 2334 2328
f 2257 2289 2263
f 2289 2302 2263
f 2236 2231 2250
f 2138 2382 688
f 2383 2404 2382
f 1100 2404 2343
f 2353 2352 2302
f 2353 2377 2352
f 2237 2230 2220
f 2335 2355 2325
f 2308 2340 2315
f 2253 2269 2276
f 2311 2335 2325
f 2439 2424 511
f 2268 2267 2248
f 2383 413 2404
f 123 971 832
f 2234 2243 2269
f 2225 2213 2234
f 2219 2213 2225
f 2195 2196 2212
f 1544 2418 1549
f 413 866 2404
f 2404 866 2416
f 2416 2417 2404
f 2404 2417 2343
f 2415 2409 2401
f 2196 2219 2212
f 2268 2248 2218
f 2206 2214 2197
f 2417 2332 2343
f 2343 2332 832
f 2330 2302 2289
f 2330 2353 2302
f 2453 2454 515
f 2218 2248 2217
f 2218 2217 2205
f 2276 2281 2268
f 2178 2197 2177
f 2197 2189 2177
f 2332 2066 832
f 832 2066 123
f 2231 2236 2230
f 669 950 1144
f 2217 2211 2199
f 1216 1209 1217
f 2066 2365 123
f 2230 2226 2214
f 2290 2325 2304
f 2325 2319 2304
f 2217 2248 2211
f 2191 2192 2199
f 510 525 2035
f 2417 1917 2332
f 2332 1917 2066
f 2408 2413 2341
f 2248 2267 2242
f 2326 2333 2281
f 1340 2365 2066
f 2440 1302 1340
f 2226 2230 2235
f 1153 1163 1116
f 2431 2455 2438
f 2416 2425 2417
f 2495 2474 2462
f 2290 2304 2277
f 825 2227 1872
f 151 239 1038
f 9 151 1038
f 545 928 2381
f 2440 2406 1384
f 928 1596 2381
f 2186 2188 2185
f 2456 26 1888
f 2287 2333 2262
f 2425 2342 2417
f 2342 1917 2417
f 1917 877 2066
f 2336 1340 2066
f 2336 2440 1340
f 2328 2351 2327
f 825 2238 2227
f 2351 2368 2327
f 1222 2388 1211
f 678 756 734
f 428 263 1343
f 2188 2191 2190
f 2341 2376 2333
f 2066 877 2336
f 2290 2277 2278
f 739 634 592
f 675 304 14
f 2384 675 14
f 2199 2211 2204
f 2191 2199 2204
f 2322 2318 2310
f 2287 2262 2233
f 2185 2188 2184
f 2386 2425 845
f 2384 572 675
f 1128 123 2365
f 832 971 2343
f 2188 2186 2191
f 2185 2184 2176
f 2345 1917 2342
f 2345 877 1917
f 2336 2406 2440
f 971 1100 2343
f 2299 2289 2257
f 2299 2303 2289
f 2249 2255 2243
f 506 513 512
f 2437 955 1219
f 1587 2398 1324
f 877 2396 2336
f 2336 2396 2406
f 2463 2479 879
f 2376 2412 2350
f 2281 2267 2268
f 2303 2330 2289
f 624 635 159
f 1996 2356 1561
f 2449 2436 1996
f 2356 2054 2451
f 928 2398 1587
f 2333 2350 2262
f 2035 26 2456
f 2346 2342 2425
f 2346 2345 2342
f 1544 2380 2418
f 2412 2392 2350
f 622 509 1151
f 2436 2054 1996
f 545 2451 928
f 2326 2341 2333
f 2346 2425 2386
f 1365 2035 2456
f 2369 2377 2353
f 2369 506 2377
f 2451 900 928
f 900 2398 928
f 1235 1888 1244
f 2337 2345 2346
f 877 772 2396
f 772 1275 2396
f 2432 2446 2414
f 2294 2295 2310
f 2369 2330 828
f 2418 2419 2436
f 2450 2429 2436
f 2436 2429 2054
f 2490 2494 1656
f 1321 155 2338
f 1256 2346 2386
f 2448 877 2345
f 877 2448 772
f 2446 2423 2414
f 2351 2334 2363
f 2243 2254 2269
f 2380 2419 2418
f 2419 2450 2436
f 2283 2278 2264
f 822 2197 823
f 1008 1759 1565
f 2448 2345 2337
f 2270 2293 2276
f 2323 2324 2328
f 2429 1012 2054
f 2226 2243 2213
f 2395 325 772
f 2370 2367 2380
f 2054 2435 2451
f 2435 2397 2451
f 2451 2397 900
f 1774 1974 1975
f 2305 2290 2283
f 846 2305 2283
f 2320 1215 2285
f 2139 2448 2337
f 2448 2395 772
f 1232 1231 1216
f 2272 2285 2284
f 2367 2371 2380
f 2371 2405 2380
f 2380 2405 2419
f 2419 2429 2450
f 2429 176 1012
f 2397 2373 900
f 2373 2398 900
f 2373 1379 2398
f 2372 1500 1508
f 1133 1303 1142
f 2252 2273 2272
f 891 2252 2272
f 2419 2405 2429
f 2405 2430 2429
f 2429 2430 176
f 2189 2186 2181
f 2212 2219 2218
f 2312 2139 2337
f 2139 2384 2448
f 2448 2384 2395
f 899 855 843
f 2272 2273 2285
f 2331 2303 2299
f 176 2435 2054
f 1012 176 2054
f 2177 2185 2176
f 2218 2219 2225
f 1216 1220 1215
f 2378 2139 2312
f 2384 14 2395
f 2324 2295 2255
f 2240 2273 2252
f 2371 2387 2405
f 2410 2430 2405
f 2430 2442 176
f 2435 2344 2397
f 2397 2344 2373
f 2456 1888 2455
f 2242 2267 2233
f 2233 2262 2229
f 2378 2384 2139
f 2323 2310 2295
f 2323 2322 2310
f 2240 2274 2273
f 974 841 990
f 2490 1447 2486
f 2387 2410 2405
f 2442 2141 176
f 2344 1778 2373
f 972 1379 2373
f 1778 972 2373
f 1379 972 428
f 1211 2437 1223
f 1228 1215 1220
f 702 2378 2312
f 17 518 2415
f 1888 26 1244
f 2324 2323 2295
f 2305 2311 2290
f 2307 2285 2273
f 2274 2307 2273
f 2307 2320 2285
f 2369 531 506
f 2435 2258 2344
f 2296 2324 2288
f 1233 1217 2361
f 2360 2371 2367
f 2410 2442 2430
f 176 2141 2258
f 176 2258 2435
f 539 2331 66
f 2350 2392 2317
f 2268 2225 2253
f 1508 1500 2371
f 2360 1508 2371
f 2371 1500 2387
f 972 2366 428
f 1626 1686 1358
f 1759 1807 1819
f 2277 2257 2245
f 2277 2299 2257
f 1784 2228 1736
f 2265 2240 1736
f 2228 2265 1736
f 2265 2274 2240
f 1209 2320 2307
f 2320 1209 1216
f 1555 1584 1560
f 2387 1500 2372
f 2410 2420 2442
f 2433 972 1778
f 2433 2366 972
f 955 522 1225
f 2339 2307 2274
f 2372 1493 2387
f 2411 2420 2410
f 2420 954 2442
f 2442 954 2141
f 2344 2433 1778
f 2205 2212 2218
f 2328 2334 2351
f 2394 2401 2414
f 2250 2256 2271
f 2339 1209 2307
f 2328 2322 2323
f 866 845 2425
f 3 316 893
f 2387 2411 2410
f 2441 2141 954
f 2141 2441 2258
f 2354 2433 2344
f 2254 2294 2270
f 2269 2254 2270
f 863 2305 846
f 2441 2354 2258
f 2258 2354 2344
f 2319 2355 51
f 2223 2228 1784
f 1493 2411 2387
f 1560 2449 1555
f 2288 2324 2255
f 825 2251 2238
f 2251 2245 2238
f 1299 84 1312
f 2246 2265 2228
f 2313 2274 2265
f 2313 2339 2274
f 2251 2277 2245
f 2319 51 2331
f 891 1862 2252
f 2443 954 2420
f 2443 2441 954
f 511 2447 2439
f 2242 2233 2211
f 188 15 814
f 2443 2426 2441
f 2426 2354 2441
f 2306 2403 2433
f 2433 2403 2366
f 539 2303 2331
f 2246 2228 2223
f 1030 1819 1807
f 2354 2306 2433
f 2413 2412 2376
f 2438 2455 1888
f 1848 1857 2176
f 2207 2208 2223
f 2208 2246 2223
f 1209 2339 1217
f 2339 2361 1217
f 1221 1210 2388
f 554 109 78
f 386 1375 95
f 2327 2326 2318
f 2179 2182 1393
f 2182 2208 1393
f 1393 2208 2207
f 2361 2399 2388
f 2388 2399 1211
f 2306 2354 2426
f 2403 2359 2366
f 2214 2226 2213
f 2268 2253 2276
f 889 2200 2179
f 2200 2182 2179
f 2200 2221 2182
f 2221 2208 2182
f 2314 2265 2246
f 2314 2313 2265
f 2339 2374 2361
f 2478 2434 2379
f 2205 2217 2199
f 2208 2259 2246
f 2259 2275 2246
f 2314 2321 2313
f 2313 2347 2339
f 2347 2374 2339
f 2374 2399 2361
f 153 154 2426
f 154 2306 2426
f 2385 2359 2403
f 2221 2259 2208
f 2306 2357 2403
f 2357 2385 2403
f 2237 2256 2231
f 2172 2180 889
f 2180 2200 889
f 2200 2201 2221
f 2246 2291 2314
f 2374 2444 2399
f 571 555 2311
f 2192 2205 2199
f 2173 2180 2172
f 2279 2246 2275
f 2279 2291 2246
f 2292 2314 2291
f 2321 2362 2313
f 2362 2347 2313
f 2347 2389 2374
f 2444 955 2437
f 2292 2291 2279
f 2452 2444 2374
f 2054 2356 1996
f 2338 2306 154
f 2186 2192 2191
f 2193 2201 2200
f 2259 2221 2201
f 2247 2259 2201
f 2452 955 2444
f 2278 2277 2251
f 2338 2357 2306
f 2181 2186 2185
f 2276 2326 2281
f 2432 2457 2446
f 2198 2201 2193
f 2198 2232 2201
f 2232 2247 2201
f 2389 2452 2374
f 2452 1630 955
f 1403 1749 1444
f 1555 1996 1561
f 2357 2427 2385
f 2385 2428 230
f 2409 2415 2424
f 2304 2331 2299
f 2193 2200 2180
f 2445 2452 2389
f 1565 1759 1927
f 2380 1544 2370
f 2338 2427 2357
f 2427 2428 2385
f 230 222 253
f 2202 2198 2193
f 2202 2209 2198
f 2209 2241 2198
f 2241 2232 2198
f 2266 2275 2259
f 2365 1340 1128
f 2415 518 2424
f 2338 170 2427
f 170 2428 2427
f 2181 2185 2177
f 2196 2195 2189
f 2183 2193 2180
f 2453 1630 2452
f 2197 2214 2189
f 2401 2409 2414
f 822 2220 2197
f 1210 2361 2388
f 2187 2193 2183
f 2187 2202 2193
f 2266 2279 2275
f 2279 2300 2292
f 2375 2347 2362
f 2375 2390 2347
f 2390 2389 2347
f 2453 2452 2445
f 1347 1630 2453
f 1630 1347 522
f 2220 2206 2197
f 2262 2350 2286
f 170 254 2428
f 2457 1973 2446
f 1973 1365 2446
f 2174 2183 2180
f 2194 2202 2187
f 2222 2241 2209
f 2222 2260 2241
f 2266 2259 2247
f 2390 2445 2389
f 2264 2251 825
f 2363 2368 2351
f 2326 2393 2341
f 1855 1850 1851
f 2210 2209 2202
f 2210 2222 2209
f 2261 2260 2222
f 2280 2279 2266
f 2280 2300 2279
f 251 263 2359
f 2277 2304 2299
f 2220 2230 2206
f 2202 2194 2210
f 2213 2243 2234
f 2328 2327 2322
f 2294 2310 2293
f 2214 2196 2189
f 2196 2213 2219
f 2224 2222 2210
f 2421 2390 2375
f 2206 2230 2214
f 2194 2203 2210
f 2224 2261 2222
f 2421 2445 2390
f 2322 2327 2318
f 2393 2408 2341
f 1365 1973 510
f 2216 2210 2203
f 2216 2224 2210
f 2266 2308 2280
f 2280 2308 2300
f 2407 2421 2375
f 2175 2183 2174
f 2194 2190 2203
f 2454 2445 2421
f 522 1347 523
f 2456 2455 2423
f 823 2197 2178
f 2281 2333 2287
f 2188 2187 2183
f 2188 2190 2194
f 2187 2188 2194
f 2308 2315 2300
f 2407 2375 2362
f 2443 2420 2503
f 2420 2411 2503
f 2411 1493 2503
f 1493 1487 2503
f 1487 1318 2503
f 1318 1320 2503
f 1320 2443 2503
# 4968 faces, 0 coords texture

# End of File
